S.No,Showroom,RSM,ASM,Manager,"CUG No",Landline,E-Mail,Region,State,Address
1,"CORPORATE - BGLR",,,"Balraj M",08042524252,080-42524252,NA,BANGALORE,KARNATAKA,"No : B/7,17th First Main Road  
5th Block, KHB Colony,
Koramangala, 
Bangalore
560095
"
2,KA-ANEKAL,"Saravanan T","Balaji P","Not Decide",8754428855,,anekaltown@poorvika.com,BANGALORE,KARNATAKA,"No: 87/554/A, Gandhi Circle, Anekal Town, Bangalore â€“ 562 106"
3,KA-AREKERE,"Saravanan T","Not Decide","Not Decide",9384005855,,arekere@poorvika.com,BANGALORE,KARNATAKA,"	No. 266, 4th Main,Brindavan Extension,Arekere Micro Layout,Bannerghatta Road,Bangalore â€“ 560076."
4,"KA-AREKERE 2","Saravanan T","Not Decide","Not Decide",7338956855,,arekere2@poorvika.com,BANGALORE,KARNATAKA,"Katha No. 702/1353/1312/13/8,BG road, Begur Hobli,Arekere village,Bangalore -560077."
5,KA-BANASHANKARI,"Saravanan T","Saravanaraj R","Siva Kumar K",8884508855,080-41251788,banashankari@poorvika.com,BANGALORE,KARNATAKA,"No:17, Srinivasa Nagar, 2nd Phase, BSK 3rd Stage, (Near:Reliance Fresh) Bangalore - 560 070"
6,"KA-BANASHANKARI-PADMANABHA NAGAR","Saravanan T","Saravanaraj R","Kiran Kumar M J",9003501855,,Padmanabhanagar@poorvika.com,BANGALORE,KARNATAKA,"No 271,100 Feet Road, Banashankari 3rd Stage,Padmanabha Nagar,Bangalore  â€“ 560085
"
7,KA-BANASWADI,,,,,,,BANGALORE,KARNATAKA,
8,KA-BASAVANAGUDI,"Saravanan T","Saravanaraj R","Tamilarasan P",8884078855,080-41690804,basavangudi@poorvika.com,BANGALORE,KARNATAKA,"No:105/1, Gandhi Bazaar Main Road, Basavanagudi, (Near: Vijaya Bank) Bangalore - 560 004"
9,"KA-BASAVESHWARA NAGAR","Saravanan T","Zaheer Ahmed S","Karthik S",9741864855,080-42035836,basaveshwaranagar@poorvika.com,BANGALORE,KARNATAKA,"NO: 18/HIG,
K.N.S. COMPLEX,
KHB COLONY,
BASAWESHWARA NAGAR,
BANGALORE -560 079.
"
10,"KA-BEL ROAD","Saravanan T","Rajiv Gandhi C","Rudramuni K G",9740634855,"080 - 41239879",belroad@poorvika.com,BANGALORE,KARNATAKA,"No: 110, Agâ€™S Layout
New Bel Main Road,
Sanjay Nagar Ward,
Opp: Vodafone Store,
Bangalore -560 094.

"
11,KA-BELGAUM,"Saravanan T","Venkatesh G","Mahadeva Reddy T",9840361855,,belgaum@poorvika.com,"REST OF KARNATAKA",KARNATAKA,"CTS No.3462,
Samadevi Galli, 
Belagavi, Karnataka- 590001
"
12,"KA-BELGAUM RPD CIRCLE","Saravanan T","Not Decide","Not Decide",8056048855,,belgaum3@poorvika.com,"REST OF KARNATAKA",KARNATAKA,"Ashraya Empire, Cts No 11, Shop No 7,8,9,10,11, Khanapur Road, Landmark RPD Circle, Tilakwadi, Belagavi, Karnataka â€“ 590 006"
13,KA-BELLARY,"Saravanan T",,,9566241855,,bellary@poorvika.com,"REST OF KARNATAKA",KARNATAKA,"No.1,2,47/68,48/70/A & 1,2,48/70,47/68B, Bellary Broose Pet, Bangalore Road, Papsula Bazar, Bellary â€“ 583101"
14,"KA-BELLARY 2","Saravanan T","Not Decide","Not Decide",7358602855,,bellary2@poorvika.com,"REST OF KARNATAKA",KARNATAKA,"Old No.5/16, New No.48/c, Khata No.115/90A/58B, Station Road, Opp: Taluk Office, Bellary, Karnataka â€“ 583101"
15,KA-BHADRAVATHI,"Saravanan T",,"Pavankumar N",9384674855,,Bhadravathi@poorvika.com,"REST OF KARNATAKA",KARNATAKA,"Khata No.464/505, Ward No.16, B.H.Road, Bhadravathi, Karnataka-577301"
16,KA-BIDAR,"Saravanan T",,,"6385162855 ",,NA,"REST OF KARNATAKA",KARNATAKA,"Sri Shivakala Complex, No.8-9-274 to 8-9-277, Udgir Road Opp: Akka Mahadevi College, Beside: Guru Nanak Gate, Bidar-585401"
17,KA-BILEKAHALLI,"Saravanan T","Yuvaraj J","Palaniappan K",9108283855,"080 - 48664406",bilekhalli@poorvika.com,BANGALORE,KARNATAKA,"No.214/2, Sy.no.9/1, Bilekhalli, Begur Hobli, Bannerghatta Main Road, Bangalore- 560076.
"
18,KA-BOMMANAHALLI,"Saravanan T","Yuvaraj J","Sabarinathan D",9108284855,"080 - 48664405",2bommanahalli@poorvika.com,BANGALORE,KARNATAKA,"Old No.1/2, House List.363/37, New No.363/37/1/2, Begur Main Road, Opposite to Canara Bank, Bommanahalli, Bangalore-560068"
19,"KA-BOMMANAHALLI 3","Saravanan T","Not Decide","Not Decide",9790496855,,"	bommanahalli3@poorvika.com",BANGALORE,KARNATAKA,"Katha No.111/1, New No 29, Old No 49, Hosur Road, Bommanahalli, Bangalore â€“ 560068"
20,"KA-BTM LAYOUT 2ND STAGE","Saravanan T","Yuvaraj J","Vasanth P",8971982855,080-42058462,2btmlayout@poorvika.com,BANGALORE,KARNATAKA,"No: 3-4,7th cross, 7th Main,
Btm layout 2nd stage, 
Bangalore - 560076
"
21,KA-CHANDAPURA,"Saravanan T","Not Decide","Not Decide",9384019855,,chandapura@poorvika.com,BANGALORE,KARNATAKA,"No.274/275,Anekal Road,Chandapura,Bangalore â€“ 560099"
22,"KA-CHANDRA LAYOUT","Saravanan T","Zaheer Ahmed S","Gopinath J",9791070855,,chandralayout@poorvika.com,BANGALORE,KARNATAKA,"Municipal No.98, PID No.40-187-98, BDA Site No.98, Chandra Layout, Survey No.349 to 352, Bangalore-560040.
"
23,KA-CHANNARAYAPATANA,"Saravanan T","Prabhakaran D","Not Decide","7540006855 ",,channarayapatana@poorvika.com,"REST OF KARNATAKA",KARNATAKA,"Prabhath Complex"", Municipal Khata No.659/616, SAS No.377, Municipal Khata No.659/616, SAS No.243, B.M.Road, Opp to KSRTC Bus Stand, TMC Ward No.05, Channarayapatana-573116"
24,KA-CHIKMAGALUR,"Saravanan T","Prabhakaran D","Chethana B N",9629419855,,chikmagalur@poorvika.com,"REST OF KARNATAKA",KARNATAKA,"""Ward no.16, Assessment no.5379/3729, OPP : KANNIGA PARAMESHWARI TEMPLE,M.G.Road, Chikmagalur - 577101
""
"
25,KA-CHITRADURGA,"Saravanan T","Venkatesh G","Dinesh S",9789084855,,Chitradurga@poorvika.com,"REST OF KARNATAKA",KARNATAKA,"No.7398A, Bangalore - Dharwad Road, Chitradurga, Karnataka-577501
"
26,"KA-CITY MARKET","Saravanan T","Saravanaraj R","Mohammed Salman M A",8197371855,080-41515855,citymarketbglr@poorvika.com,BANGALORE,KARNATAKA,"New No: 2, Old No: 108,Silver Jubliee Park Road,Bangalore -560 002
"
27,"KA-CMH ROAD","Saravanan T","Sankarguru V","Gnaneshwaran R",9790829855,,cmhroad@poorvika.com,BANGALORE,KARNATAKA,"PID no.82-1-N-7 & 82-1-N-8, Municiapl new no.8, 8th Edifice, C.M.H.Road, Binnamangala 1st stage, Bangalore-560038
"
28,KA-DAVANAGERE,,,,,,NA,BANGALORE,KARNATAKA,NA
29,KA-DHASARAHALLI,"Saravanan T","Prabakaran G","Ameena S",7338951855,,dhasarahalli@poorvika.com,BANGALORE,KARNATAKA,"Site No.1, Khata No.972, Dasarahalli, Yeswanthpura Hobli, Karnataka, Bangalore-560057
"
30,"KA-ELECTRONIC CITY","Saravanan T","Yuvaraj J","Murugan S M",9629501855,,electroniccity@poorvika.com,BANGALORE,KARNATAKA,"Site No.7, Khata No.1777/3/7, Old V.P.Khata No.162/163, Doddathoguru Village, Begur Hobli, Bangalore South Taluk, Bangalore-560100.
"
31,"KA-ELECTRONIC CITY 2","Saravanan T","Balaji P","Not Decide",9384003855,00,electroniccity2@poorvika.com,BANGALORE,KARNATAKA,"No.2066,Shree Ananthnagar Phase 2 Layout,Kammasandra Village,Anekal Taluk,Bangalore â€“ 560100"
32,"KA-FRAZER TOWN","Saravanan T","Venkatesh G","Dhakshinamoorthi M",9902932855,080-41235855,frazertown@poorvika.com,BANGALORE,KARNATAKA,"No: 94, Mosque Road,
Frazer Town, 
Near : Jammu & Kashmir Bank,
Near : Albert Bakery,
Bangalore -560 005
"
33,KA-GADAG,,,,,,NA,BANGALORE,KARNATAKA,NA
34,KA-GOKAK,"Not Decide","Not Decide","Not Decide",*,*,*,"REST OF KARNATAKA",KARNATAKA,-
35,KA-GOLLARAHATTI,"Saravanan T","Not Decide","Not Decide",9790317855,,gollarahatti@poorvika.com,BANGALORE,KARNATAKA,"No.16/1, Katha No.93/123, Magadi Main Road, Near: Shree Krishna Hospital, Gollarahatti, Bangalore â€“ 560091"
36,KA-GULBARGA,"Saravanan T","Venkatesh G","Shanmugam M",7338956855,,Gulbarga@poorvika.com,"REST OF KARNATAKA",KARNATAKA,"Plot No 2, Super Market Main Road, Opp Canara Bank, Gulbarga  â€“ 585101
"
37,"KA-GULBARGA 2","Saravanan T",,,"6385166855 ",,Gulbarga2@poorvika.com,"REST OF KARNATAKA",KARNATAKA,"Plot No.31, Super Market Road,Opp :Brampur Police Station,Gulbarga, Karnataka-585101"
38,KA-HASSAN,,,,,,NA,"REST OF KARNATAKA",KARNATAKA,NA
39,KA-HAVERI,,,"Gaddapara Madhava",,,NA,"REST OF KARNATAKA",KARNATAKA,NA
40,KA-HEBBAGODI,"Not Decide","Not Decide","Not Decide",,,,BANGALORE,KARNATAKA,
41,KA-HORAMAVU,"Saravanan T","Prabhakaran D","Basith Ali M",9108066855,080-48541155,horamavu@poorvika.com,BANGALORE,KARNATAKA,"NO: 1 & 2, ASHIRWAD COLONY, HORAMAVU MAIN ROAD, 
OPP: HOME BUZZ SUPER MARKET, HORAMAVU,
BANGALORE â€“ 560 043.
"
42,KA-HOSPET,"Saravanan T","Venkatesh G","Dinesh S",7338926855,,Hospet@poorvika.com,"REST OF KARNATAKA",KARNATAKA,"No.272, 273 & 274, ""Rajapur Heights"", Near Bus Stand, College Road, Hospet â€“ 583201
"
43,"KA-HSR LAYOUT","Saravanan T","Yuvaraj J","Iliyas B",7338725855,"080 - 49777855",hsrlayout@poorvika.com,BANGALORE,KARNATAKA,"No.2630, HSR Layout, Sector-1, 27TH MANI Opp: CPWD Quarters,Near: Gold Gym Bangalore â€“ 560102.
"
44,"KA-HUBLI-CLUB ROAD","Saravanan T","Venkatesh G","Subbaya P",9840594855,,Hubliclubroad@poorvika.com,"REST OF KARNATAKA",KARNATAKA,"Kundgol Complex, Shop nos.101 to 103, Upper ground floor, CTS no.171 F+G+H/1A of CTS Ward no.III situated @ Court Circle, Club Road, Hubli-580029
"
45,"KA-HUBLI-KOPPIKAR ROAD","Saravanan T","Venkatesh G","Ravichandran S",9840623855,,Hublikoppikarroad@poorvika.com,"REST OF KARNATAKA",KARNATAKA,"Shop No.4,5 & 6, Municipal No.3006/4, CTS No.2922/2B, Koppikar Road, Hubli-580020
"
46,"KA-HUBLI-STATION ROAD","Saravanan T","Venkatesh G","Sharavana S",9840471855,,Hublistationroad@poorvika.com,"REST OF KARNATAKA",KARNATAKA,"No.GF-1, Swarnaa City Centre, Station Road, Hubli-580020
"
47,"KA-HUBLI-VIDYA NAGAR","Saravanan T",,"Dinesh S","6385164855 ",,hublividyanagar@poorvika.com,"REST OF KARNATAKA",KARNATAKA,"SKD Heights"", Shop No.11A, Vidya Nagar, Hubli-580031"
48,"KA-INDIRA NAGAR-100FT ROAD-HIFI","Saravanan T","Sankarguru V","Ravi Kumar V",8861582855,080-41260505,hifiindiranagar@poorvika.com,BANGALORE,KARNATAKA,"No: 1133, 100Ft Road,
Hal 2nd Stage,
Indira Nagar,
Bangalore -560008
"
49,"KA-INDIRA NAGAR-CMH ROAD","Saravanan T","Sankarguru V","Vinod Kumar M S",8884128855,080-41690809,indiranagar@poorvika.com,BANGALORE,KARNATAKA,"No: 545, Sree Poojyaya Mansion, CMH Road, Indira Nagar, Binnamangala 1st Stage, (OPP: Motherhood Hospital) Bangalore - 560 038"
50,KA-JALAHALLI,"Saravanan T","Prabakaran G","Srinivasan P",9663522855,080-41160277,jalahalli@poorvika.com,BANGALORE,KARNATAKA,"No: 5&6, 
S.M Road,
Ayyappa Temple Road.
Jalahalli Cross, 
T.Dasarahalli,
Bangalore -560 057
"
51,"KA-JAYA NAGAR-9TH BLOCK","Saravanan T","Saravanaraj R","Venkat Raman K",9902145855,080-41131547,2jayanagar@poorvika.com,BANGALORE,KARNATAKA,"Old No: 1857, New No: 13,
25Th Main Road,
9Th Block,
Jaya Nagar,
Opp: Central Mall Bus Stand,
Bangalore -560 069
"
52,"KA-JAYA NAGAR-ASHA ARCADE","Saravanan T","Saravanaraj R","Siva P",8884808855,080-41690800,jayanagar@poorvika.com,BANGALORE,KARNATAKA,"Ashok Arcade, No: 27/249, 9th Main Road, 3rd Block, Jaya Nagar, (Near: UCO BANK) Bangalore - 560 011"
53,"KA-JP NAGAR","Saravanan T","Yuvaraj J","Sakthi Murugan D",8197847855,080-41137575,jpnagarbglr@poorvika.com,BANGALORE,KARNATAKA,"NO: 14,WILSON GARDEN SOCIETY LAYOUT,KOTHNUR MAIN ROAD,JP NAGAR, 7TH phase,
BANGALORE -560 078
"
54,"KA-JP NAGAR 6TH PHASE","Saravanan T","Balaji P","Not Decide",9840368855,,jpnagar2@poorvika.com,BANGALORE,KARNATAKA,"Site Nos.13,14,15, Katha No.71, 100 Feet Ring Road, 15th Cross, Landmark Sarakki Signal, JP Nagar 6th Phase, Bangalore â€“ 560078"
55,KA-KAMAKSHIPALYA,"Saravanan T","Prabakaran G","Manjunath A",9902563855,080-23487855,kamakshipalyabglr@poorvika.com,BANGALORE,KARNATAKA,"OLD NO: 22, NEW NO: 28,
MEGADI MAIN ROAD,
SLN COMPLEX,
NEAR: TIRUMALA HOSPITAL,
KAMAKSHI PALAYA -560 079"
56,KA-KAMMANAHALLI,"Saravanan T","Prabhakaran D","Punniamurthi S",8884658855,080-41250505,kamanahalli@poorvika.com,BANGALORE,KARNATAKA,"NO: 2393/2, ROOPA COMPLEX,
KAMMANAHALLI MAIN ROAD,
BANGALORE -560 084.

"
57,KA-KANAKAPURA,"Saravanan T","Not Decide","Not Decide",7358397855,-,kanakapura@poorvika.com,"REST OF KARNATAKA",KARNATAKA,"HMS Complex, Khata,No.1675/1128, 1129, 1130, Ward No.5, Near KNS Circle,West of MG Road,Kanakapura Town,Ramanagara District - 562117"
58,KA-KENGERI,"Saravanan T","Prabakaran G","Mohammed Farhan",7338967855,,kengeri@poorvika.com,BANGALORE,KARNATAKA,"""Devatha Plaza"", PID No.1723/197, No.1723, 1st Main Road, 10th Cross, Kengeri Satellite Town, Bangalore-560060
"
59,KA-KOLAR,"Saravanan T","Prabhakaran D","Samuel Y",7338880855,"08152 - 401855",kolar@poorvika.com,BANGALORE,KARNATAKA,"No,10,Opp to KSRTC Bus Stand,
MB Road, Kolar - 563101
"
60,KA-KOPPAL,"Saravanan T","Venkatesh G","Margesh R",09003162855,,koppal@poorvika.com,"REST OF KARNATAKA",KARNATAKA,"Plot no.5, Municipal New No.9-7-680/1362, Old no.7-7-714/720, No.25, PID No.25-6-4-105, Hosapet Road, Koppal-583231
"
61,KA-KORAMANGALA,"Saravanan T","Yuvaraj J","Tamilarasan P",9840170855,,koramangala@poorvika.com,BANGALORE,KARNATAKA,"PID No.67-3-114, Industrial Layout, 
Koramangala, 
Bangalore-560034."
62,"KA-KR PURAM","Saravanan T","Prabhakaran D","Arun Susairaj A",8884608855,080-25618855,krpuram@poorvika.com,BANGALORE,KARNATAKA,"No: 4&5, Old Madras Road,  (Near: Syndicate Bank)
KR Puram, 
Bangalore - 560036"
63,"KA-KUSHAL NAGAR","Not Decide","Not Decide","Not Decide",,,NA,"REST OF KARNATAKA",KARNATAKA,"No. 122, PID No 5-4-8, Municipal Nos 1-175, Primary Agriculture Credit Co-Operative Society, BM Road, Somwarpet Tk, Kodagu Dt, Kushal Nagar, Karnataka â€“ 571 234"
64,KA-MADIKERI,"Saravanan T","Prabhakaran D","Mohammed Azeem M",9840447855,,madikeri@poorvika.com,"REST OF KARNATAKA",KARNATAKA,"Anushree Complex, Survey No.36 & 36/1, Old SBI Building, College Road, Madikeri-571201
"
65,KA-MADIWALA,"Saravanan T","Yuvaraj J","Nagaraja B C",8884358855,080-41690807,madiwala@poorvika.com,BANGALORE,KARNATAKA,"No: 3/4, Maruthi Tower, Hosur Main Road, Madiwala, (OPP: Iyappan Temple) Bangalore - 560 068"
66,"KA-MAHALAKSHMI LAYOUT","Saravanan T","Prabakaran G","Kavya M G",9741828855,080-23198855,mahalakshmilayout@poorvika.com,BANGALORE,KARNATAKA,"No.38/5, 12th cross Road,
Mahalakshmi Layout, 
Bangalore-560086
"
67,KA-MALL-ELEMENTS,"Saravanan T","Venkatesh G","Senthil K",7358222855,"080 - 46514033",elementsmall@poorvika.com,BANGALORE,KARNATAKA,"MSR - Regaliaa Elements, 
No.132/1A, 132/1B, 133/2, 133/1, 134/1, 
Third floor, Unit No.TF-1A & 2, 
Nagvara Village, 
Thanisandra Main Road, 
Kasabahobli, 
Bangalore North Taluka, 
Bangalore-560077
"
68,KA-MALL-GARUDA,"Saravanan T","Not Decide","Not Decide",6385167855,,Garudamall@poorvika.com,BANGALORE,KARNATAKA,"CTS No.15, 17, 18, 27, Ward No.76, Second floor, Magarath Road, Bangalore Mahanagara Palike, Bangalore â€“ 560 025"
69,"KA-MALL-GOPALAN ARCADE","Saravanan T","Prabakaran G","Kavya M G",9629416855,"080 - 28603717",gopalanarcademall@poorvika.com,BANGALORE,KARNATAKA,"BBMP No.447/18/2, Ground floor, Shop no.G-10, 1st Block, Panthara Palya, Raja Rajeswari Nagar, Mysore Road, 
Bengaluru-560098."
70,"KA-MALL-GOPALAN INNOVATION","Saravanan T","Yuvaraj J","Mohan Rao E",7397712855,"080 - 43716855",gopalaninnovationmall@poorvika.com,BANGALORE,KARNATAKA,"No.22, Ground floor, 
Shop No.G4, JP Nagar 3rd phase, Bannerghatta Road, 
Bengaluru -560076.
"
71,"KA-MALL-GOPALAN SIGNATURE","Saravanan T","Sankarguru V","Sandeep C",7358069855,"080 - 67142258",gopalansignaturemall@poorvika.com,BANGALORE,KARNATAKA,"No.6, Second floor,
Shop no.SF4, Old Madras Road, Nagavarapalya,
C.V.Raman Nagar,
Bengaluru-560038
"
72,KA-MALL-INORBIT,"Saravanan T","Prabhakaran D","Arun Kumar B",7358396855,,inorbitmall@poorvika.com,BANGALORE,KARNATAKA,"Inorbit Whitefield Mall, unit no.G1-22, Ground floor, Plot no.75,76,85,to 87, CA plot and plot no.88-part of EPIP induustrial Area, Survey No.97,98,149,150 and 151, Hoodi Village, K.R.Puram Hobli, Bengaluru East Taluk, Bengaluru-560066
"
73,"KA-MALL-KEMP FORT","Saravanan T","Sankarguru V","Karthigeyan S",7338882855,"080 - 43709331",kempmall@poorvika.com,BANGALORE,KARNATAKA,"Kids Kemp / Kempfort, No.97, Ground floor, Unit no.GF-16, 
Old Airport Road,
Murugeshpalya, 
Bangalore-560017.
"
74,"KA-MALL-MANGALORE CITY CENTRE","Saravanan T","Sriram R","Vinod K D",7358066855,,citycentremall@poorvika.com,"REST OF KARNATAKA",KARNATAKA,"City Centre Mall, Unit no.FF-14 B2, First floor, K.S.Rao Road, Hampanakatta, Mangalore â€“ 575001.
"
75,"KA-MALL-MANGALORE FORUM FIZA","Saravanan T","Sriram R","Syed Waseem",8884838855,0824-2498105,mangaloremall@poorvika.com,"REST OF KARNATAKA",KARNATAKA,"The Forum Fiza Mall.
Prestige Mangalore Retail Venture pvt ltd
Shop no:GF-09
Pandeshwar Rd.
Mangalore - 575001
"
76,"KA-MALL-MANTRI SQUARE","Saravanan T","Venkatesh G","Madhan K",7358398855,,mantrisquaremall@poorvika.com,BANGALORE,KARNATAKA,"Mantri Square, No.1, Unit no.S43, Second Floor, Sampige Road, Malleswaram, Bangalore-560003.
"
77,"KA-MALL-ORION EAST","Saravanan T","Prabhakaran D",,9629614855,,orioneastmall@poorvika.com,BANGALORE,KARNATAKA,"Orion East Mall, No.10/34, Second floor, Unit no.218, Banaswadi Main Road, Banaswadi layout, Maruthi Seva Nagar, Bangalore-560043
"
78,KA-MALL-PHOENIX,"Saravanan T","Prabhakaran D","Mohanraj R",8884168855,080-67266502,Bangalorephoenixmall@poorvika.com,BANGALORE,KARNATAKA,"No: G21, Lower ground floor, Phoenix Market City,
White Field Road,
Mahadevapura, 
Bangalore - 560048"
79,KA-MALL-SHANTHINIKETAN,"Saravanan T","Sriram R","Not Decide",6385165855,,Shanthiniketan@poorvika.com,BANGALORE,KARNATAKA,"Forum Shantiniketan,Unit No.304, Third Floor, ITPL Main Road, Hoodi, Whitefield, Bangalore-560067
"
80,"KA-MALL-SHINE ROYAL MEENAKSHI",,,"Satheesh M",7339533111,,shinemeenakshimall@gmail.com,BANGALORE,KARNATAKA,"Royal Meenakshi Mall, No.424/376/487, Survey No.63, Unit no.F024, First Floor, Hulimavu BBMP, Arakare, Bannarghatta Road, Bangalore- 560076
"
81,KA-MALLESWARAM,"Saravanan T","Venkatesh G","Arulvel C",8105321855,080-41690808,malleswaram@poorvika.com,BANGALORE,KARNATAKA,"No:452, RS Plaza, 2nd Main Road, Malleswaram, (Sampaign Road, Opp: RR Gold)Bangalore - 560 003"
82,KA-MALUR,"Not Decide","Not Decide","Not Decide",,,,"REST OF KARNATAKA",KARNATAKA,
83,KA-MANDYA,"Saravanan T - 0061","Devaraj K - 2319",,7358455855,,mandya@poorvika.com,"REST OF KARNATAKA",KARNATAKA,"No.1161 S.L.V Complex Opp Vishranth Hotel V.V Road Ashok Nagar Mandya-571401"
84,"KA-MANGALORE-BENDORE WELL","Saravanan T","Sriram R","Rajashekar A V",7338835855,"082 - 44118855",bendorewell@poorvika.com,"REST OF KARNATAKA",KARNATAKA,"ESSEL WILCON, No.3, 8,9 & 10, Kankanady,Near : Radha Medical Bendore Well, 
Mangalore-575002.
"
85,"KA-MARATHAHALLI-ASHWATH NAGAR","Saravanan T","Sankarguru V","Sunil Kumar V",9901348855,,marathahalli@poorvika.com,BANGALORE,KARNATAKA,"NO: 6/16,
ASHWATH NAGAR,
VARTHUR MAIN ROAD,
MARTHAHALLI,
BANGALORE â€“ 560 037
"
86,KA-MATHIKERE,"Saravanan T","Venkatesh G","Vishnu S",8884538855,080-41487777,mathikere@poorvika.com,BANGALORE,KARNATAKA,"Door No : 17, 11th Main, H.M.T Main Road, Mathikere Extension, Mathikere, (OPP: Liberty Shop) Bangalore - 560054"
87,KA-MOODALAPALYA,"Saravanan T","Zaheer Ahmed S","Tarun Kumar N",9629740855,,moodalapalya@poorvika.com,BANGALORE,KARNATAKA,"No.1,1/1 st Main Road, Sanjeevini Nagar, Nagarabhavi (Opp Bus Stop) Moodalapalya, Bangalore - 560072
"
88,"KA-MYSORE-NILGIRI ROAD","Saravanan T","Prabhakaran D","Manukumar A S",9384673855,,Mysorenilgiriroad@poorvika.com,"REST OF KARNATAKA",KARNATAKA,"Shop No 5,6,7,8,11 And 12,  No.L-35 , L-36 , L-36/A, L-37 And L-37/A Maharaja Shopping Complex,Bangalore â€“ Nilgiri road,Lashkar Mohalla,Mysore â€“ 570001"
89,"KA-MYSORE-SARASWATHI PURAM","Saravanan T","Sriram R","Rudramuni K G",9790723855,,mysoresaraswathipuram@poorvika.com,"REST OF KARNATAKA",KARNATAKA,"No.846 & 847/A, Saraswathipuram, Thonachikoppal, Chamarajamohalla, Mysore-570008
"
90,"KA-MYSORE-URS ROAD","Saravanan T","Sriram R","Sridhara S",7358706855,"0821 - 4000582",mysore@poorvika.com,"REST OF KARNATAKA",KARNATAKA,"No.4A, 4B & 4C, 
D.Devaraja URS Road, 
Devaraj Mohalla,
Mysore-570001"
91,"KA-MYSORE-URS ROAD 2","Saravanan T","Prabhakaran D","Madhaiyan M",7338971855,,Mysoreursroad2@poorvika.com,"REST OF KARNATAKA",KARNATAKA,"No.136 , Devaraj Urs Road, Land mark: Opp to  Coffee Day, Mysore - 570001"
92,KA-NAGARABHAVI,"Saravanan T","Zaheer Ahmed S","Not Decide",9384004855,,nagarabhavi@poorvika.com,BANGALORE,KARNATAKA,"No.618,Vinayaka Layout, 2nd stage, Nagarabhavi,Bangalore â€“ 560072"
93,KA-NELAMANGALA,"Saravanan T","Not Decide","Not Decide",9790241855,00,Anelamanagala@poorvika.com,BANGALORE,KARNATAKA,"PID No.2-3-42, Municipal Assessment No.3391/2667(New), 3391/A/2667(Old), BH Road, Paramanna Layout,Nelamangala,Bangalore â€“ 562126."
94,KA-NIPPANI,"Saravanan T","Not Decide","Not Decide",9790450855,,nippani@poorvika.com,"REST OF KARNATAKA",KARNATAKA,"Plot No 47, Ashok Nagar,Nippani, Karnataka â€“ 591237"
95,KA-PEENYA,"Saravanan T","Prabakaran G","Rajesh H",7022603855,080-28365855,peenyabglr@poorvika.com,BANGALORE,KARNATAKA,"No: 242/246,
Hegganahalli Main Road,
Peenya 2Nd Stage,
Bangalore -560 091"
96,KA-PUTTUR,,,,,,NA,"REST OF KARNATAKA",KARNATAKA,NA
97,KA-RAICHUR,"Not Decide","Not Decide","Not Decide","75500 26855",,raichur@poorvika.com,BANGALORE,KARNATAKA,"No. 1-10-51,Station Road,Opp: Ranga Mandir GardenRaichur,Karnataka â€“ 584101"
98,"KA-RAJAJINAGAR-1ST BLOCK","Saravanan T","Zaheer Ahmed S","Sasikumar K",8884738855,080-40926868,rajajinagar@poorvika.com,BANGALORE,KARNATAKA,"NO: 706, W.C.R 2ND STAGE,
9TH CROSS, DR.MODI ROAD, BASAVESHWARA NAGAR, 
BANGALORE -560 086.
"
99,"KA-RAJAJINAGAR-6TH BLOCK","Saravanan T","Zaheer Ahmed S","Kirana B K",8884898855,080-41316006,2rajajinagar@poorvika.com,BANGALORE,KARNATAKA,"No : 336/87, 6th Block,
Rajaji Nagar,
Bangalore - 560 010.
"
100,"KA-RAMAMURTHY NAGAR","Saravanan T","Prabhakaran D","Ramesh A",8884038855,080-42201818,ramamurthynagar@poorvika.com,BANGALORE,KARNATAKA,"No: 1721/1, GA Manor, Ramamurthy Nagar Main Road, KR Puram, Hobli, (Near: More Super Market) Bangalore - 560 016"
101,KA-RAMANAGARA,"Saravanan T","Prabakaran G","Mahesh  Kumar H L",9677236855,,ramanagara@poorvika.com,BANGALORE,KARNATAKA,"No.2910/38/76, New No.165/1831/1421A,Old Municipal Kaneshumari Ljoor Extension, Ramanagara-562159
"
102,KA-RANEBENNUR,"Saravanan T","Venkatesh G","Channakesavulu P",9384671855,,Ranebennur@poorvika.com,"REST OF KARNATAKA",KARNATAKA,"N0.796/2, Plot No.4, Municipal Khata No.265/5+6+7+8, P.B.Road, 6th Cross, Rajarajeswari Nagar, Ranebennur,Karnataka-581115
"
103,"KA-RR NAGAR","Saravanan T","Prabakaran G","Murugesan A",7022617855,080-28600455,rrnagarbglr@poorvika.com,BANGALORE,KARNATAKA,"No: 500,Beml 3Rd Stage,Raja Rajeshwari Nagar,
Bangalore -560098
"
104,"KA-RT NAGAR","Saravanan T","Venkatesh G","Karthick M",9972452855,080-41205357,rtnagar@poorvika.com,BANGALORE,KARNATAKA,"NO: 7,
H.M.T LAYOUT,
8TH MAIN VISHWESHWARAIAH NAGAR,
R.T NAGAR,
BANGALORE-560 032.
"
105,"KA-SAHAKARA NAGAR","Saravanan T","Rajiv Gandhi C","Arun A",9108279855,"080 - 48655998",sahakaranagar@poorvika.com,BANGALORE,KARNATAKA,"No,518, F Block, 
60 Feet Road, 
Sahakara Nagar, 
Bangalore - 560092.
"
106,"KA-SANJAY NAGAR","Saravanan T","Rajiv Gandhi C","Sridhar K",9677120855,,sanjaynagar@poorvika.com,BANGALORE,KARNATAKA,"PID No.100-160-1, Municipal No.1 (Old No.310:1), 4th Cross Road, Amarjyothi Layout, Nagashetty Village, Bangalore-560094
"
107,KA-SARJAPURA,"Saravanan T","Sankarguru V","Parthiban S",9902713855,"080 42190808",sarjapurabglr@poorvika.com,BANGALORE,KARNATAKA,"No: 65/1C,
Shiva Ganga Complex,
Kaikondrahalli,
Sarjapura Main Road,
Near: Pragathi Motors,
Bangalore -560 035.
"
108,KA-SHIMOGA,"Saravanan T","Prabhakaran D","Shashi Kumar G C",9952977855,,shimoga@poorvika.com,"REST OF KARNATAKA",KARNATAKA,"""Pravasi lodge"", 
Near Bus Stand, B.H.Road, Shimoga - 577201
"
109,"KA-SHIMOGA 2","Saravanan T","Not Decide","Nagaraja B C",,,,"REST OF KARNATAKA",KARNATAKA,
110,KA-SINDHANUR,,,,,,NA,"REST OF KARNATAKA",KARNATAKA,NA
111,KA-THIPPASANDRA,"Saravanan T","Sankarguru V","Prasanth M",8884528855,080-41690802,thippasandra@poorvika.com,BANGALORE,KARNATAKA,"Shop No: 701/1020, Hal 3rd Stage, New Thippasandra Main Road, (Near: Durga Temple) Bangalore - 560075"
112,KA-THIRTHAHALLI,"Saravanan T","Not Decide","Not Decide",7550067855,,thirthahalli@poorvika.com,"REST OF KARNATAKA",KARNATAKA,"No.3-1-6/1A, Assessment No.67/1/2249/1/688/1, A.P.Road, Thirthahalli, Shivamogga (DT), Karnataka-577432"
113,KA-TUMKUR,"Saravanan T","Venkatesh G","Arun Kumar S",9108290855,0816-2252855,tumkur@poorvika.com,"REST OF KARNATAKA",KARNATAKA,"No.13,CSI Compound, 
BH Road, (NH206) New Town, Tumkur - 572101
"
114,KA-UTTARAHALLI,"Saravanan T","Prabakaran G","Satheesh S",8197612855,080-42064097,uttarahalli@poorvika.com,BANGALORE,KARNATAKA,"No: 58/1 & 56/1-B, (Old No :22)
Chikkakalasandra Village,
Uttarahalli Main Road, 
Near : Syndicate Bank,
Near : Airtel Showroom,
Bangalore -560 061
""
"
115,KA-VIDYARANYAPURA,"Saravanan T","Rajiv Gandhi C","Baskar K",9686856855,"080 - 49501403",vidyaranyapura@poorvika.com,BANGALORE,KARNATAKA,"""No: 555/578, Hmt Layout,Opp: Karnataka BankVidyaranyapura Main Road, Bangalore -560 097
""
"
116,"KA-VIGNANA NAGAR","Saravanan T","Sankarguru V","Venkatesh M",9686433855,080-48523131,vignananagar@poorvika.com,BANGALORE,KARNATAKA,"New Site No : 29, Old Site No :156/2B,
Vignana Nagar Main Road,
Vibhuthipura,
Land Mark : Nxt To Malleshpalaya New Bus Stop
Bangalaore â€“ 560 037
"
117,"KA-VIJAYA NAGAR","Saravanan T","Zaheer Ahmed S","Silambarasan S",8884728855,080-40959543,vijayanagarblr@poorvika.com,BANGALORE,KARNATAKA,"No: 45, 17th Cross Street, M.C Layout, Mysore Road, (Near: Hotel Indra Prasta) Vijaya Nagar, Bangalore - 560040"
118,KA-VIJAYAPUR,"Saravanan T","Not Decide","Not Decide",9384007855,,vijayapur@poorvika.com,"REST OF KARNATAKA",KARNATAKA,"No. 3136, Survey Nos. 54,55 & 56, Shri Dr.Ambali complex, S.S road,Near Siddeshwara temple,Vijayapur â€“ 586 101"
119,KA-YELACHENAHALLI,"Saravanan T","Saravanaraj R","Raju S",9791054855,,yelachenahall@poorvika.com,BANGALORE,KARNATAKA,"""Rainbow Centrum"", Kanakapura Main Road, Site No.7, Municipal Corporation No.190-7/150/182/162, Surevy No.40/1, 40/2 and 40/5, Yelachenahalli Village, Jayachamarajendra Industrial Layout, Yelachenahalli 1st stage, Bangalore-560061
"
120,KA-YELAHANKA,"Saravanan T","Rajiv Gandhi C","Baskar M",7022258855,"080 - 41125855",yelahankabglr@poorvika.com,BANGALORE,KARNATAKA,"Sri Ranga Arcade,
16Th B Cross, B-Sector,
Yelahanka New Town,
Bangalore -560 064."
121,"KA-YELAHANKA 2","Saravanan T","Not Decide","Not Decide",,,yelahanka2@poorvika.com,BANGALORE,KARNATAKA,
122,KL-MALL-TRAVANCORE,"Naina Mohamed M","Karthikeyan A","Ramesh N",7550004855,,Travancoremall@poorvika.com,KERALA,KERALA,"Mall of Travancore, Ground Floor, GF-18, Chakai-Enchakkal Bypass Road, Chakai, Thiruvananthapuram-695024"
123,"MH-GHODBUNDER ROAD-THANE",,,,,,,,,
124,MH-KANDIVALI,"Not Decide","Not Decide","Not Decide","73581 88855",,,,,"No.8,
Tavas (Avirahi Arcade),
Narayan Das Joshi Road,
Kandivali West,
Mumbai â€“ 400067"
125,"MH-KANDIVALI 2","Not Decide","Not Decide","Not Decide","73883 86855",,,,,"No.8,9,10,
Shreeji Arcade Off,
Sv Road, Mg Road,
Kandivali West,
Mumbai â€“ 400067"
126,MH-MALAD,"Not Decide","Not Decide","Not Decide",8754415855,,,,,"No.5,
Ajanta Shopping Center,
Daftari Road,
Malad
Mumbai â€“ 400064"
127,MH-MALL-PHOENIX,"Not Decide","Not Decide","Not Decide","7540002855 ",,Phoenix.kurla@poorvika.com,,,"Phoenix Marketcity,Unit No.F-4 ,First Floor Offbeat Developers,L.B.S.Marg,Kurla (West),Mumbai - 400 070"
128,MH-MALL-PUNE-PHOENIX,"Naina Mohamed M","Baseeth Mohideen A","Not Decide",9840773855,-,"	punephoenix@poorvika.com",,,"Phoenix Market City,Survey No 207, Unit No G-42,Lower Ground Floor,Viman Nagar,Pune"
129,"MH-NAUPADA THANE",,,,,,,,,"Shop No.6,
Shrusti Plaza,
Opp: Tip Top Mithaiwala,
Gokhale Road,
Naupada,
Thane (W) - 400602."
130,MH-PUNE-AUNDH,"Not Decide","Not Decide","Not Decide",9940279855,,aundh@poorvika.com,,,"Neel Square @ Plot No.7, Old Survey Nos:418,150,151(Part) &New Survey No 187 (Corresponding CTS No 1099/13)Aundh,Sanghvi Nagar,Pune-411007"
131,MH-PUNE-DHANORI,"Naina Mohamed M","Baseeth Mohideen A",,8754478855,,dhanori@poorvika.com,,,"Shop No.3 & 4,Survey No 281/3/5, Jai Ganesh Plaza, Dhanori Lohagaon Road, Pune â€“ 411 015"
132,"MH-PUNE-LAXMI ROAD","Not Decide","Not Decide","Not Decide",9940422855,,laxmiroad@poorvika.com,,,"No.712, Narayan Peth, Amber Residency, Laxmi Road, Pune â€“ 411030"
133,MH-PUNE-PIMPRI,"Not Decide","Not Decide","Not Decide",9840792855,,pimpri@poorvika.com,,,"Shop No.1&2, Shagun Chowk,CTS No 2773,Pimpri,Pune-411017"
134,"MH-PUNE-SADHASHIV PETH","Naina Mohamed M","Baseeth Mohideen A","Not Decide",7358027855,,sadhashivpeth@poorvika.com,,,"Shop No.1,Upper Ground Floor,521-525 Giridhar Parijat Building,Sadhashiv Peth,Pune â€“ 411030."
135,"MH-THANE GHODBUNDER","Not Decide","Not Decide","Not Decide",,,,,,
136,MH-VASHI,"Not Decide","Not Decide","Not Decide",7358064855,,,,,"No.G-3,
Haware InfoTech Park,
Vashi,
Navi Mumbai â€“ 400705"
137,PY-ANNASALAI,"Vinayaga Moorthy J","Kalai Selvan G","Sivakumar C",9952376855,,4pondicherry@poorvika.com,ROTN,PONDICHERRY,"No.448/450, 
Anna Salai,
Puducherry-605001."
138,"PY-CHETTY STREET","Vinayaga Moorthy J","Kalai Selvan G","Ayyappan S",8056023855,0413-4201121,pondichery2@poorvika.com,ROTN,TAMILNADU,"No:181, Anna Salai, 
(Near Chetty Street Corner) Pondicherry PIN- 605001"
139,"PY-JAWAHAR NAGAR","Vinayaga Moorthy J","Kalai Selvan G","Ezhilarasan L",7397355855,"0413 - 2233253",3pondicherry@poorvika.com,ROTN,PONDICHERRY,"Plot No.188, Villianur Main Road,  Jawahar Nagar, Puducherry-605005.
"
140,PY-KARAIKAL,"Vinayaga Moorthy J","Karthik S","Sathish R",7708054855,0436-8226855,karaikal@poorvika.com,ROTN,TAMILNADU,"Old No.: 212, New No.:209, Barathiyar Road, Karaikal, PIN 609 602."
141,PY-MALL-PROVIDENCE,"Vinayaga Moorthy J","Kalai Selvan G","Rajesh Kumar N",7358679855,,providencemall@poorvika.com,ROTN,PONDICHERRY,"Shop No.34,35 & 36 , Providence Mall, No.7, Venkata subha Reddiar Salai, Pudhucherry-605001"
142,"PY-MALL-SHINE PROVIDENCE",,"Jespal Rajesh M","Stephenraj B",7338782222,"0413 - 2200882",Na,ROTN,PONDICHERRY,"Shop No.21, Providence Mall, No.7, Venkata subha Reddiar Salai, 
Pudhucherry-605001"
143,"PY-PONDY BUS STAND","Vinayaga Moorthy J","Kalai Selvan G","Prakash N",9789972855,0413-4205536,pondichery@poorvika.com,ROTN,TAMILNADU,"Old No.: 6/39, New No.: 1/83-C, Maraimalaiadikal Salai, Opp. Bus Stand, Pondycherry PIN 605005"
144,TN-ADYAR,"Nagaraj S","Pon Kumaran J","Muthumari N",9940652855,044-49503523,adayar@poorvika.com,CHENNAI,TAMILNADU,"No,37 Mahatma Gandhi Road, 
Opp Kodack Bank,
Adyar,Chennai - 600041

"
145,TN-ALANDUR,"Nagaraj S","Barath T","Ravichandiran R",9940656855,,2adambakkam@poorvika.com,CHENNAI,TAMILNADU,"No.144, Medavakkam high Road, Alandur, 
Chennai- 600088
"
146,"TN-AMBATTUR COROMANDAL TOWN","Nagaraj S","Not Decide","Not Decide",9952790855,,ambattur4@poorvika.com,CHENNAI,TAMILNADU,"No.14, Coromandal Town, Sidco Industrial Estate, Ambattur, Chennai â€“ 600098"
147,"TN-AMBATTUR LAKE","Nagaraj S","Ganesan M","Not Decide",9790882855,044-42801136,ambatturlake@poorvika.com,CHENNAI,TAMILNADU,"No. 334, Ambattur Lake, MTH Road, Ambattur,Chennai â€“ 600 053"
148,"TN-AMBATTUR-OT JUNCTION","Sampath Kumar P","Thameen Anasari S","Siva Prakash M",9629039855,"044 - 49594193",3ambattur@poorvika.com,CHENNAI,TAMILNADU,"NO: 1, M.T.H. ROAD
VIJAYA COMPLEX,
AMBATTUR
CHENNAI -600 053.
Ph: 96290 39855
"
149,TN-AMBUR,"Vinayaga Moorthy J","Vignesh K","Narayanan P",9790931855,04174-245553,ambur@poorvika.com,ROTN,TAMILNADU,"No, 81, Bypass Road, Opp Jayabala Mahall, 
Ambur - 635802."
150,TN-AMINJIKARAI,"Sampath Kumar P","Balaji P","Ganesan M",7708005855,044-42642048,aminjikarai@poorvika.com,CHENNAI,TAMILNADU,"No : 292/1, Poonamalli High Road, (OPP: Lakshmi Theatre), Aminjikarai, Near:Jasmine Hotel, Chennai-600029"
151,"TN-ANNANAGAR LIVE","Sampath Kumar P","Karthik P","Moorthy A",7708022855,044-42642009,annanagarlive@poorvika.com,CHENNAI,TAMILNADU,"No.P995, 12th Main Road, Near HDFC Bank,Annanagar, Chennai- 600040
"
152,TN-ARAKKONAM,"Nagaraj S","Palani Kumar M","Sathish B",9791069855,04177-237855,arakkonam@poorvika.com,CHENNAI,TAMILNADU,"No:.229, Gandhi Road-5, (Tiruttani Road), Stuart Pet, (Near:Registrar Office), Arakkonam - PIN 631001"
153,TN-ARANI,"Vinayaga Moorthy J","Arokia Raj T","Arul Kumar K",9789879855,04173-225755,arani@poorvika.com,ROTN,TAMILNADU,"No:213, ARC Arasu Tower, Market Road, Near Parry Bakery, Tiruvannamalai district, Arani - PIN 632301"
154,TN-ARCOT,"Vinayaga Moorthy J","Vignesh K","Sivapragasam R",9600268855,0417-2235040,arcot@poorvika.com,ROTN,TAMILNADU,"Old No: 17,18,19,20
New No: 34,35,36,37,37/1,37/A
Opp: Tamilnadu Thuni Kadai,
Anna Salai,
Arcot -632 503
"
155,TN-ARIYALUR,"Vinayaga Moorthy J","Gnana Sekar Vivek R","Amuthan P",9003429855,04329-224057,ariyalur@poorvika.com,ROTN,TAMILNADU,"KSKV Complex, 
No 36,Market St,
Ariyalur-621704
"
156,TN-ARUMBAKKAM,"Sampath Kumar P","Balaji P","Azaruddin H",9791166855,044-43582924,arumbakkam@poorvika.com,CHENNAI,TAMILNADU,"No : 10,11,12, Pc 26, Water Tank Road, MMDA Colony,(Opp: Murali Krishna Kalyana Mahal) Arumbakkam, Chennai-PIN-600106"
157,TN-ARUPPUKOTTAI,"Naina Mohamed M","Sankarapandiyan R","Suhail M",7397388855,"04566 - 222330",aruppukottai@poorvika.com,ROTN,TAMILNADU,"No.198, 198A, 198B (front side), No.19 (Back side), 
ward no.12, Thiruchuli road, Aruppukottai Town,
Aruppukottai-626101
"
158,TN-ATTUR,"Vinayaga Moorthy J","Arokia Raj T","Elango L",8056029855,04282-240330,athur@poorvika.com,ROTN,TAMILNADU,"Shop no.721/170, Sahitya arcade, Kamarajanar Road, Athur  PIN 636102, "
159,TN-AVADI,"Sampath Kumar P","Thameen Anasari S","Manikandan S",9789051855,044-42841212,avadi@poorvika.com,CHENNAI,TAMILNADU,"No.: 175, C.T.H. Road, Opp. Bus Terminus, Avadi, Chennai PIN 600045"
160,"TN-AVADI 2","Nagaraj S","Ganesan M",,"9791229855 ",,2avadi@poorvika.com,CHENNAI,TAMILNADU,"	No.276, M.T.H.Road,Bakthavachalapuram,Ambattur, Avadi,Chennai -600054
"
161,"TN-AVADI-NEW MILITARY ROAD","Nagaraj S","Not Decide","Not Decide",,,,CHENNAI,TAMILNADU,"No 247, New Military Road, Avadi, Chennai-600054"
162,TN-AYNAVARAM,"Sampath Kumar P","Karthik P","Silambarasan L",9677298855,044-45090906,aynavaram@poorvika.com,CHENNAI,TAMILNADU,"No.: 51/135, Kunnur High Road, Ayanavaram, Chennai PIN 600023"
163,TN-BATLAGUNDU,"Not Decide","Not Decide","Not Decide",9790963855,,,ROTN,TAMILNADU,"No 13/1/37, 
Local Fund Road,
No.4 Main Road
Batlagundu,
Dindigulâ€“ 624 202"
164,TN-CHENGALPET,"Nagaraj S","Palani Kumar M","Manikandan M",8754111855,044-27427150,2chengalpattu@poorvika.com,CHENNAI,TAMILNADU,"No 106, GST Road, chengalpet- 603001"
165,TN-CHIDAMBARAM,"Vinayaga Moorthy J","Karthik S","Thulasi Raman S",9566063855,,chidambaram@poorvika.com,ROTN,TAMILNADU,"No.12/3, West Car Street, 
Opp Petrol Bunk, 
Chidambaram,  608001
"
166,TN-CHROMPET,"Nagaraj S","Balamurugan A","Arun D",8754002855,044-42865608,2chrompet@poorvika.com,CHENNAI,TAMILNADU,"Old No: 285, New No: 206, GST Road, Chrompet, (Near chrompet Bus stand) Chennai PIN-600044"
167,TN-CHROMPET-HIFI,"Nagaraj S","Balamurugan A","Rajeesh A R",9790801855,044-42865608,hifichrompet2@poorvika.com,CHENNAI,TAMILNADU,"Old No: 285, New No: 206,GST Road,Near chrompet bus stop, Chrompet, Chennai-600044"
168,"TN-COVAI SUNDRAPURAM",,,,,,,ROTN,TAMILNADU,
169,"TN-COVAI-100FT ROAD","Pandiyarajan N","Arul Arputha Raj C","Balasubramanian M",9600655855,0422-4210579,100ft3@poorvika.com,ROTN,TAMILNADU,"Old No.: 416 New No: 188, 7th Street Extension, (Opp: Gokulam Towers)1 00 Feet Road, gandhipuram, Coimbatore - PIN 641012."
170,"TN-COVAI-100FT ROAD-HIFI","Pandiyarajan N","Arul Arputha Raj C","Sathish Kumar M",9677106855,"0422 - 4950445",hifi100ft@poorvika.com,ROTN,TAMILNADU,"No.415/416/417, (Dr.Rajendra Prasad Road), 100 Feet Road, Coimbatore- 641012
"
171,"TN-COVAI-100FT ROAD-LIVE","Pandiyarajan N","Arul Arputha Raj C","Anbarasan M",9600087855,0422-4512253,livecoimbatore@poorvika.com,ROTN,TAMILNADU,"No:113/177,100Feet Road,Dr.Rajendraprasad Road,Gandhipuram,Coimbatore-608 001."
172,"TN-COVAI-BR PURAM","Pandiyarajan N","Veeraraja K","Kumaresan S",8056020855,0422-4217386,brpuram@poorvika.com,ROTN,TAMILNADU,"No: 1615, Avinashi Road, BR Puram, Peelamedu, Coimbatore PIN-641004"
173,"TN-COVAI-BR PURAM 2","Pandiyarajan N","Veeraraja K","Pandeeswaran N",8056282855,0422-4341077,brpuram2@poorvika.com,ROTN,TAMILNADU,"No: 129/130, Avinashi Road, (OPP:Chola Hotel) BR Puram, Peelamedu, Coimbatore PIN-641004"
174,"TN-COVAI-GANAPATHY KTS TOWERS","Pandiyarajan N","Arul Arputha Raj C","Pandeeswaran N",9003102855,0422-4208855,ganapathy@poorvika.com,ROTN,TAMILNADU,"KTS Towers, 49, Sathy Road, Ganapathy, Coimbatore â€“ 641006."
175,TN-COVAI-GUNIAMUTHUR,"Pandiyarajan N","Sudalai Mani M","Dhanabalakrishnan P",9840969855,0422-2250186,kuniamuthur@poorvika.com,ROTN,TAMILNADU,"Old 234, New 180, Palakad Main Road, (Opp:Bus Stand) Guniyamuthur, Coimbatore - 641008 "
176,"TN-COVAI-NANJAPPA ROAD","Pandiyarajan N","Veeraraja K","Ramesh A",9677258855,0422-4506331,gandhipuram@poorvika.com,ROTN,TAMILNADU,"No.: 487, Dr.Nanjappa Road, Central Bus Stand, South East Corner, (Near:Kawsika Pharmacy) Coimbatore - PIN 641018"
177,"TN-COVAI-OPPANAKARA STREET","Pandiyarajan N","Arul Arputha Raj C","Rajaselvan K",8754483855,0422-4355157,opk@poorvika.com,ROTN,TAMILNADU,"No.606, Oppanakara Street, Prakasham Bus Stand, Near: Oriental Bank Of Commerce, Coimbatore-641001"
178,TN-COVAI-PERIYANAIKANPALAYAM,"Pandiyarajan N","Sudalai Mani M","Muthu P",9003099855,0422-2693313,pnpalayam@poorvika.com,ROTN,TAMILNADU,"New No: 2 & 3, Indira Gandhi Vaniga Maiyam, Periyanaikan Palayam, Coimbatore - PIN 641020"
179,TN-COVAI-RAMANATHAPURAM,"Pandiyarajan N","Arul Arputha Raj C","Nagarjun N",9629555855,0422-4212579,cberamanathapuram@poorvika.com,ROTN,TAMILNADU,"Door No:.588, Trichy Road, Pankaja Mill Road, (Near:Ramanathapuram Signal) Coimbatore - 641045"
180,"TN-COVAI-RS PURAM 2","Pandiyarajan N","Sudalai Mani M","Bala Murugan B",7395948855,,3rspuram@poorvika.com,ROTN,TAMILNADU,"No.62, D.B.Road, 
R.S.Puram, 
Coimbatore-641002"
181,"TN-COVAI-RS PURAM-LIVE","Pandiyarajan N","Sudalai Mani M","Azharutheen D",9566291855,0422-4350037,rspuram2@poorvika.com,ROTN,TAMILNADU,"No.: 527, Diwan Bahadur Road, R.S Puram, Coimbatore - PIN 641002."
182,"TN-COVAI-SAI BABA COLONY","Pandiyarajan N","Sudalai Mani M","Azharutheen D",9840229855,0422-4204112,saibabacolony@poorvika.com,ROTN,TAMILNADU,"New No:.77, Old No:.94, N.S.R Road, (Near: S Bend Rathna Complex), Saibaba Colony, Coimbatore - 641011"
183,"TN-COVAI-SAI BABA COLONY 2",,,,8754454855,,,ROTN,TAMILNADU,"No 263, 
Shivas Complex,
Mettupalayam Road,
Sai Baba Colony,
Coimbatoreâ€“ 641 043."
184,TN-COVAI-SARAVANAMPATTI,"Pandiyarajan N",,,9790105855,,saravanampatti@poorvika.com,ROTN,TAMILNADU,"F.No.349/1A11, Door No.173,Sathy Road,Saravampatti,Coimbatore-641035."
185,TN-COVAI-SINGANALLUR,"Pandiyarajan N","Veeraraja K","Balu Mahendran K",9566246855,0422-4202470,singanallur@poorvika.com,ROTN,TAMILNADU,"2224/4  KAMARAJAR ROAD ,
SINGANALLUR , COIMBATORE â€“641015
"
186,TN-COVAI-THADAGAM,"Not Decide","Not Decide","Not Decide",9384826855,-,thadagam@poorvika.com,ROTN,TAMILNADU,"No.1, Sriram Layout, Near Avila Convent, Thadagam Main Road, Venkitapuram Post, Coimbatore - 641025"
187,"TN-CP RAMASAMY ROAD","Sampath Kumar P","Dinesh Kumar D","Noor Mohammed M",9791096855,,cpramasamyroad@poorvika.com,CHENNAI,TAMILNADU,"No 55,â€œKCS Complexâ€ CP Ramasamy Road, Alwarpet,Chennai-600 018."
188,TN-CUDDALORE,"Vinayaga Moorthy J","Karthik S","Prabhakaran C",9790971855,04142-235855,cuddalore@poorvika.com,ROTN,TAMILNADU,"No:.72, Lawrence Road, Cuddalore, PIN 607002"
189,TN-CUMBUM,"Naina Mohamed M","Baseeth Mohideen A","Sathiya Prabhu N",9840584855,04554-270073,cumbam@poorvika.com,ROTN,TAMILNADU,"Door No:.53, Chairman Complex, L.F Road, (Near: Gandhi Statue), Cumbum - 625516"
190,"TN-DHARAPURAM-BUS STAND","Pandiyarajan N","Jagadeeswaran E","Vignesh M",8056763855,,Dharapuram@poorvika.com,ROTN,TAMILNADU,"No.1, Dharapuram Bus Stand Complex, Dharapuram Bus Stand,Dharapuram Main Road,Dharapuram-638656
"
191,"TN-DHARMAPURI-ANNA STATUE","Vinayaga Moorthy J","Thatchanamurthi S","Rajesh B",9003777855,04342-262799,2dharmapuri@poorvika.com,ROTN,TAMILNADU,"NO: 10/108,
MSK COMPLEX,
NETHAJI BYE PASS ROAD,
NEAR: ANNA STATUE,
FOUR ROAD,
DHARMAPURI-636 701.
"
192,"TN-DHARMAPURI-MUNICIPAL VANIGA VALAGAM","Vinayaga Moorthy J","Thatchanamurthi S","Gnana Moorthy S",9840021855,,dharmapurimunicipal@poorvika.com,ROTN,TAMILNADU,"No.115 & 116, Municipal Vaniga Valagam, Opp :Mohammed Ali Club Road, Near: Private Bus Stand,Rajagopal Gounder Park, Dharmapuri - 636701
"
193,TN-DINDIGUL,"Naina Mohamed M","Baseeth Mohideen A","Ashok N",9840339855,0451-2420016,dindigul2@poorvika.com,ROTN,TAMILNADU,"No.16,Duddley school complex Dindigul PIN 624001"
194,"TN-DINDIGUL 2","Naina Mohamed M","Baseeth Mohideen A","Thiruppathi P",9789056855,Na,4dindigul@poorvika.com,ROTN,TAMILNADU,"NO: 9 & 10, DUDLY SCHOOL COMPLEX, AMC ROAD, DINDIGUL â€“ 624 001.
"
195,"TN-DINDIGUL-BUS STAND","Naina Mohamed M","Baseeth Mohideen A","Muthukumaran R",9952893855,,5dindigul@poorvika.com,ROTN,TAMILNADU,"No.23, Thiruvalluvar Salai, Dindigul Bus Stand, Dindigul Town, Dindigul -624003
"
196,"TN-DINDIGUL-SALAI ROAD","Naina Mohamed M","Baseeth Mohideen A","Yuvaraj C",9003369855,0451-2426021,3dindigul@poorvika.com,ROTN,TAMILNADU,"No: 8,9,10
Salai Road,
Duddly School Compound,
Opp: Canara Bank,
Dindigul -624 001.

"
197,TN-DINDIVANAM,"Vinayaga Moorthy J","Kalai Selvan G","Rajiv Gandhi K",9566046855,04147-224855,dindivanam@poorvika.com,ROTN,TAMILNADU,"No:22,New Masuthi Road,Near Dr.Ayya Hospital,Dindivanam -604001."
198,TN-EKKATTUTHANGAL,"Nagaraj S","Muthukumaran M","Sankar K",9500178855,044-43102402,ekkattuthangal@poorvika.com,CHENNAI,TAMILNADU,"No:5/149 Jawaharlal Nehru Road, Near Ambhal Mansion, Ekkattuthangal, Chennai-PIN-600032"
199,"TN-ERODE 3","Pandiyarajan N","Siva Kumar P","Siva K",9003061855,0424-4030680,erode3@poorvika.com,ROTN,TAMILNADU,"No.: 105, EVN Road, Erode - PIN 638011."
200,TN-ERODE-BHAVANI,"Pandiyarajan N","Siva Kumar P","Not Decide",7358721855,00,erodebhavani@poorvika.com,ROTN,TAMILNADU,"No.428,B1 Mettur Main road,Bhavani â€“ 638301"
201,"TN-ERODE-BROUGH ROAD","Pandiyarajan N","Siva Kumar P","Arun Kumar M",9791255855,"0424 - 4020014",5erode@poorvika.com,ROTN,TAMILNADU,"No: 285,Sri Complex,Brough Road,Opp: Jai Surya Super Market,Erode -638 001"
202,"TN-ERODE-GANDHIJI ROAD","Pandiyarajan N","Siva Kumar P","Arun Kumar M",9940414855,,4erode@poorvika.com,ROTN,TAMILNADU,"NO: 72,
GANDHIJI ROAD,
NEAR: BSNL & POST OFFICE,
ERODE -638 001.
"
203,"TN-ERODE-OM SAKTHI COMPLEX","Pandiyarajan N","Siva Kumar P","Kasiyappan M",9566098855,0424-4020331,erodeomshakthi@poorvika.com,ROTN,TAMILNADU,"No.: 66, EVN Road, Om Sakthi Complex, Near to Abirami Theatre, Erode - PIN 638011."
204,"TN-GA ROAD","Sampath Kumar P","Vetri Mani D","Anbu S",9791555855,044-42129392,garoad@poorvika.com,CHENNAI,TAMILNADU,"Door No: 90, G.A Road, Opp: Captain Textiles, Old Washermenpet, Chennai - 600021"
205,TN-GOBICHETTIPALAYAM,"Pandiyarajan N","Siva Kumar P","Palanisamy M",7397333855,,gobichettipalayam@poorvika.com,ROTN,TAMILNADU,"No.21, Sakthi Main Road, (Cutchery Street), Gobichettipalayam-638452.
"
206,"TN-GREAMS ROAD","Sampath Kumar P","Suresh R","Mano Ranjith E",9952010855,044-42043214,greamsroad@poorvika.com,CHENNAI,TAMILNADU,"Old No 98, New No 2, Aziz Mulk Street, Thousand Light, (Near: IDBI Bank) Greams Road, Chennai - 600006"
207,TN-GUDIYATTAM,"Vinayaga Moorthy J","Vignesh K","Gajendiran K",8754497855,04171-226855,gudiyatham@poorvika.com,ROTN,TAMILNADU,"No.: 1, Anna Street, Logu Lodge Building, (OPP To Old Bus Stand)Vellore District, Gudiyattam - PIN 632602"
208,"TN-GUDIYATTAM 2","Vinayaga Moorthy J","Not Decide","Gajendiran K",9500134855,,gudiyattam2@poorvika.com,ROTN,TAMILNADU,"No.12, Shop No 1 to 6, Railway Station Road, Landmark New Bus Stand, Gudiyattam -632 602"
209,TN-GUDUVANCHERRY,"Nagaraj S","Ganesan M","Sridharan M",9003062855,044-47434192,guduvanchery@poorvika.com,CHENNAI,TAMILNADU,"No.:156, G.S.T. Road, Near Railway Station, Guduvancherry, Chennai PIN 603202"
210,"TN-GUDUVANCHERRY 2","Nagaraj S","Ganesan M","Murugan S M",9566249855,044-47434115,guduvanchery2@poorvika.com,CHENNAI,TAMILNADU,"No.:63, G.S.T. Road, Near Railway Station, Guduvancherry, Chennai PIN 603202"
211,TN-GUMMIDIPOONDI,"Sampath Kumar P","Thameen Anasari S","Balaji K",8754036855,044-27928166,gumudipoondi@poorvika.com,CHENNAI,TAMILNADU,"Old No.: 288, New No 279, G.N.T Road, Near:Aandavan Stores, Gummudipoondi, Thiruvallur - 601201 "
212,"TN-HOSUR-BAGALUR ROAD","Vinayaga Moorthy J","Thatchanamurthi S","Venugopal J",7708057855,04344-242855,hosur@poorvika.com,ROTN,TAMILNADU,"No, 18A, Bagalur Road, Near Iyangar Bakerry, Hosur - 635109
"
213,"TN-HOSUR-BAGALUR ROAD 2","Vinayaga Moorthy J","Thatchanamurthi S","Velmurugan R",9789558855,,Hosurbagalur2@poorvika.com,ROTN,TAMILNADU,"Survey No.817, Bagalur Road, Hosur - 635109
"
214,"TN-HOSUR-DOWN GOLLAR STREET","Vinayaga Moorthy J","Thatchanamurthi S","Gowtham Kumar P",09629326855,"04344 - 246642",3hosur@poorvika.com,ROTN,TAMILNADU,"NO: 3, 
DOWN GOLLAR STREET,
BANGALORE ROAD,
NEAR: GRT JEWELLERY OR FISH MARKET
HOSUR -635 109
"
215,"TN-HOSUR-OLD BANGALORE ROAD","Vinayaga Moorthy J","Thatchanamurthi S","Dhanasekar V",9566973855,,4hosur@poorvika.com,ROTN,TAMILNADU,"No.77/16, 
Old Bangalore Road,
Hosur - 635109
"
216,TN-IYYAPANTHANGAL,"Nagaraj S","Srinivasan Premanandhan J","Magesh S",9791480855,,iyyapanthangal@poorvika.com,CHENNAI,TAMILNADU,"No.2/369, Mount Ponamallee Trunk Road, Iyyapanthangal, Chennai - 600056
"
217,TN-JAFFERKHANPET,"Nagaraj S","Muthukumaran M","Rabel Raj J",9840649855,044-42123683,jafferkhanpet@poorvika.com,CHENNAI,TAMILNADU,"No:31/33, Anjugam Nagar, 2nd Street, Jafferkhanpet, Chennai PIN 600083"
218,TN-JAYANKONDAM,"Vinayaga Moorthy J","Karthik S","Ramesh K",8754455855,04331-252417,jayankondam@poorvika.com,ROTN,TAMILNADU,"NO: 149/A2, 
VIRUDHACHALAM ROAD,
OPP: GANDHI PARK
JAYANKONDAM -621 802
"
219,TN-KALLAKURICHI,"Vinayaga Moorthy J","Arokia Raj T","Saravana Moorthi M",8754598855,04151-224855,kallakurichi@poorvika.com,ROTN,TAMILNADU,"SMS Complex, No.51/7/3, 49/7A/3, 48/A/7/1, OPP Bus Stand, Kutchery Road, Kallakurichi-606202"
220,"TN-KANCHIPURAM-BUS STAND","Nagaraj S","Palani Kumar M","Hari Krishnan K",8754486855,044-47201682,kanchipuram2@poorvika.com,CHENNAI,TAMILNADU,"No. 107, Kamaraj Street, 
OPP to Bus Stand, 
Kanchipuram - 631502"
221,"TN-KANCHIPURAM-GANDHI ROAD","Nagaraj S","Palani Kumar M","Kubendiran S",9677266855,044-47120006,kanchipuram3@poorvika.com,CHENNAI,TAMILNADU,"No. 166,167, Gandhi Road, Near:Pachaippa Silks, Kanchipuram - PIN - 631501"
222,TN-KANDANCHAVADI,"Nagaraj S","Pon Kumaran J","Ravi Baskar S",8754494855,044-43132209,kandanchavadi@poorvika.com,CHENNAI,TAMILNADU,"No:4/210, Kandhanchavadi, 
OMR Road,
Opp Saravana Bhavan 
Chennai, PIN 600096"
223,TN-KARAIKUDI,"Naina Mohamed M","Solaimalai T","Mohamed Ismail S",9791052855,04565-238855,karaikudi@poorvika.com,ROTN,TAMILNADU,"No.: 238/2a, Sekkalai Road, Karaikudi, PIN-630001"
224,"TN-KARAIKUDI-TT NAGAR","Naina Mohamed M","Solaimalai T",,7708156855,,karaikudittnagar@poorvika.com,ROTN,TAMILNADU,"L.P.V.Valam, T.S.No.906, South Ward No.18, TT Nagar 3rd Street, 100 feet Road, Karaikudi-630001"
225,"TN-KARUR-BUS STAND","Naina Mohamed M","Baseeth Mohideen A","Vinoth M",9566008855,04324-233855,karur@poorvika.com,ROTN,TAMILNADU,"No.: 89 & 89a, West Prathatchanam Road, Opp:Bus stand, Karur - 639001."
226,"TN-KARUR-KVR MALL","Naina Mohamed M","Baseeth Mohideen A","Venkateshwaran R",9677059855,,2karur@poorvika.com,ROTN,TAMILNADU,"NO: 25,
KVR MALL,
KOVAI ROAD,
NEAR: KANNAN DEPT STORE,
KARUR â€“ 639 002.


"
227,TN-KATPADI,"Vinayaga Moorthy J","Vignesh K","Esakipandian U",9566038855,0416-2245855,2katpadi@poorvika.com,ROTN,TAMILNADU,"""No: 5,
Vellore-Katpadi Road,
Odai Pillayar Kovil Bus Stop,
Near: Bombay Ananda Bhavan,
Katpadi,
Vellore-632 007"
228,"TN-KATPADI-VIT ROAD","Vinayaga Moorthy J","Vignesh K","Azhar R",9840718855,0416-2240101,katpadi@poorvika.com,ROTN,TAMILNADU,"No:26, VIT Road,, Tharapadavedu, Chitoor Bus Stand, (Near:State Bank Of India), Katpadi -632007"
229,"TN-KELAMBAKKAM 2","Nagaraj S","Pon Kumaran J","Elumalai K","9791220855 ",,2kelambakkam@poorvika.com,CHENNAI,TAMILNADU,"Shop no.2, Old Survey No.3/2A3, New Survey No.1530/7, Near Kelambakkam Police Station, Old Mahabalipuram Road, Kelambakkam, Chennai-603103"
230,TN-KILKATTALAI,"Nagaraj S","Pon Kumaran J","Ravichandiran R",9789118855,,kilkattalai@poorvika.com,CHENNAI,TAMILNADU,"New No.72, Old No.58, Gandhi Nagar, Medavakkam Main Road,  Kilkattalai, Chennai-600117
"
231,TN-KODAMBAKKAM,"Sampath Kumar P","Ellappan D","Yuvaraj S",9677053855,044-42155762,kodambakkam@poorvika.com,CHENNAI,TAMILNADU,"No.: 30, Arcot Road, Near Meenakshi College, Kodambakkam, Chennai PIN 600024"
232,"TN-KODAMBAKKAM 3","Sampath Kumar P","Ellappan D","Haja Sheik Nasurdeen M",9840982855,044-42738104,kodambakkam3@poorvika.com,CHENNAI,TAMILNADU,"No.: 82, Arcot Road, Anna Valaagam, (OPP: ICICI Bank), Kodambakkam, Chennai - 600024"
233,TN-KODAMBAKKAM-CAFE,,"Jespal Rajesh M","Ganesh Kumar T K M",7338792222,"044 - 42047948",cafekodambakkam@poorvika.com,CHENNAI,TAMILNADU,"No.: 32, ground floor, block-a, ambica complex, arcot road, kodambakkam, chennai - 600024
"
234,"TN-KOLATHUR 2","Nagaraj S","Abdul Jaleel K","Santhosh B",6385174855,,kolathur2@poorvika.com,CHENNAI,TAMILNADU,"No.2, Siva Parvathi Nagar, Paper Mills road, Kolathur, Chennai-600099"
235,TN-KOVILAMBAKKAM,"Nagaraj S","Not Decide","Not Decide",,,,CHENNAI,TAMILNADU,"PPR Complex, No. 1/70, Medavakkam Main Road, Nanmangalam,Chennai"
236,"TN-KOVILPATTI-BUS STAND","Naina Mohamed M","Sankarapandiyan R","Karthick S",8754027855,04632-223555,2kovilpatti@poorvika.com,ROTN,TAMILNADU,"Door No:.6/7/8,  Main Road, OPP:Old Bus Stand, Kovilpatti - PIN - 628 501"
237,TN-KRISHNAGIRI,"Vinayaga Moorthy J","Thatchanamurthi S","Siva P",7708056855,04343-237723,krishnagiri@poorvika.com,ROTN,TAMILNADU,"No. 325, Bangalore Road,
Opp Raja Theatre,
Krishnagiri - 635001"
238,TN-KUMANANCHAVADI,"Nagaraj S","Srinivasan Premanandhan J","Jamal Zameer Hameed J M",8056027855,044-43802037,kumananchavadi@poorvika.com,CHENNAI,TAMILNADU,"No:464, Trunk Road, Kumanan chavadi, Chennai PIN 600056."
239,TN-KUMANANCHAVADI-HIFI,"Nagaraj S","Srinivasan Premanandhan J","Suresh E",7708851855,,Hifikumananchavadi@poorvika.com,CHENNAI,TAMILNADU,"No:464, W159, Trunk Road, Kumanan chavadi, Chennai - 600056.
"
240,"TN-KUMBAKONAM-HAAJIEAR STREET","Naina Mohamed M","Rajasekar R","Elavarasan K",9940637855,"0435 - 2426855",3kumbakonam@poorvika.com,ROTN,TAMILNADU,"No,10 Haajiear Street,
Opp : VRS Complex,
Kumbakonam-612 001.
 "
241,"TN-KUMBAKONAM-MOTILAL STREET","Naina Mohamed M","Rajasekar R","Manikandan S",9600089855,0435-2400140,kumbakonam@poorvika.com,ROTN,TAMILNADU,"No. 63, Mothilal Street, 
Prince Tower, 
Kumbakonam - 612001"
242,"TN-KUMBAKONAM-SANNITHI STREET","Naina Mohamed M","Rajasekar R","Kalaivanan K",9840987855,0435-2403345,kumbakonam2@poorvika.com,ROTN,TAMILNADU,"No. 09, Someshwarar Sannithi Street, (Near: Ucchi Pillayar Koil), Kumbakonam PIN 612001"
243,TN-KUNDRATHUR,"Nagaraj S","Balamurugan A","Sivasamy N",8056022855,,kundrathur@poorvika.com,CHENNAI,TAMILNADU,"NO: 52, BAZAAR STREET, KUNDRATHUR,
CHENNAI â€“ 600 069
"
244,TN-MADIPAKKAM,"Nagaraj S","Barath T","John I",9790851855,044-43579087,madipakkam@poorvika.com,CHENNAI,TAMILNADU,"No.34/71, 
Medavakkam Main Road, 
Keelkattalai, 
Chennai-600117.
"
245,"TN-MADIPAKKAM 2","Nagaraj S","Barath T","Not Decide",9790919855,,madipakkam2@poorvika.com,CHENNAI,TAMILNADU,"Plot NO.3 Door N0.3, Do+D71or No.3/210,Medavakkam main road, Madipakkam,Chennai-600091, Surevy No.8/1 Part , Patta No.58, Sub Division survey survey no.8/42"
246,TN-MADURAI-ANNANAGAR,"Naina Mohamed M","Sathish Kumar V","Nambijegan M",9629188855,0452-4352165,mduannanagar@poorvika.com,ROTN,TAMILNADU,"No.344, 
MIG 80 feet Road, 
Annanagar, 
Madurai-625020
"
247,TN-MADURAI-JUNCTION,"Naina Mohamed M","Sathish Kumar V","Vinoth S",9952688855,0452-4200366,maduraijunction@poorvika.com,ROTN,TAMILNADU,"Door No: 3, Rani Mangamal Chatiram, (OPP:Madurai Junction) Madurai - PIN 625001"
248,TN-MADURAI-K.PUDUR,"Naina Mohamed M","Sugumar K","Pulikesi B",8754034855,0452-425579,kpudur@poorvika.com,ROTN,TAMILNADU,"Door No:.105, Alagar Kovil Main Road, K-Pudur (Near:Bus Stop), Madurai - PIN - 625007"
249,TN-MADURAI-KALAVASAL,"Naina Mohamed M","Sugumar K","Sathiya S",9840107855,0452-4200422,kalavasal@poorvika.com,ROTN,TAMILNADU,"No.234,Kalavasal,Madurai PIN-625016 (2-Branch)"
250,TN-MADURAI-KALAVASAL-HIFI,"Naina Mohamed M","Sugumar K","Palani Kumar S",8056133855,0452-4355630,hifikalavasal@poorvika.com,ROTN,TAMILNADU,"No 246, PM Tower, 
Theni main Road,
Kalavasal Junction,
Madurai - 625016
"
251,"TN-MADURAI-KAMARAJAR SALAI","Naina Mohamed M","Sathish Kumar V","Nagarajan C",9003919855,0452-4208677,kamarajarsalai@poorvika.com,ROTN,TAMILNADU,"No: 77,
Ramanathapuram Road,
Kamarajar Salai,
Near: Arasamaram Pillayar Koil,
Madurai -625 009
"
252,TN-MADURAI-MELUR,"Naina Mohamed M","Sugumar K","Bala Murugan B",9840087855,,melur@poorvika.com,ROTN,TAMILNADU,"No.44/46, Trichy Main Road, Melur - 625106
"
253,"TN-MADURAI-NETHAJI ROAD","Naina Mohamed M","Sathish Kumar V","Vijayabharathi S",9500111855,0452-4385773,madurai@poorvika.com,ROTN,TAMILNADU,"No. 90, Nethaji Road, Near New Arya Bhavan Hotel, Madurai, Tamil Nadu PIN 625 001"
254,"TN-MADURAI-NETHAJI ROAD 2","Naina Mohamed M",,"Sasi Kumar A",9840024855,,mdunethajiroad2@poorvika.com,ROTN,TAMILNADU,"No.208, Nethaji Road, DM & R Elementary School Shopping Complex, Madurai- 625001"
255,"TN-MADURAI-PERIYAR BUS STAND","Naina Mohamed M","Sathish Kumar V","Mailvahanan K",9500049855,0452-4200502,periyar@poorvika.com,ROTN,TAMILNADU,"No. F37, Bharathiyar Shopping Complex, TPK Road, Periyar Bus Stand, Madurai, PIN 625001"
256,TN-MADURAI-SIMMAKAL,"Naina Mohamed M","Sugumar K","Manikandan R",9840154855,0452-43547855,simmakal2@poorvika.com,ROTN,TAMILNADU,"No.49, North Veli Street,  Madurai, PIN 625001"
257,"TN-MADURAI-SIMMAKAL 3","Naina Mohamed M","Sugumar K","Manikandan R",9952031855,0452-4243745,3simmakal@poorvika.com,ROTN,TAMILNADU,"DOOR NO: 164, 
NORTH VELI STREET, 
OPP : ALAGENDRA AUTOMOBILES,
MADURAI -625 001.
"
258,TN-MADURAI-THIRUMANGALAM,"Naina Mohamed M","Sathish Kumar V","Jenifer Rajkumar J",7708094855,04549-285248,mdutirumangalam@poorvika.com,ROTN,TAMILNADU,"Door No: 294,295&296, P.K.N Complex, Madurai Road(North), Near Bus Stand, Thirumangalam, Madurai - 625706"
259,TN-MADURAI-USILAMPATTI,"Not Decide","Sugumar K","Not Decide",7358799855,-,usilampatti@poorvika.com,ROTN,TAMILNADU,"	No.73, PSR Complex ,Peraiyur Road, (Opp Bus Stand) Usilampatti, Madurai District - 625532"
260,TN-MADURAVOYAL,"Sampath Kumar P","Balaji P","Raj Kumar B",7708072855,044-23870515,maduravoyal2@poorvika.com,CHENNAI,TAMILNADU,"No: 4, Sannathi Street, Near: Maduravoyal Market Bus Stop, Maduravoyal, Chennai,  PIN - 600095 "
261,TN-MALL-COVAI-BROOKFIELD,"Pandiyarajan N","Veeraraja K","Nirosha S",8754489855,0422-2255010,brookefield@poorvika.com,ROTN,TAMILNADU,"T.S.Nos ,1422/1,1423/38, Annupurpalayam Village, Ward no 8, 67-71, Krishnasaamy Road, Coimbatore - 641001"
262,TN-MALL-COVAI-PROZONE,"Pandiyarajan N","Arul Arputha Raj C","Anandan T",9629369855,"0422 - 6628370",prozonemall@poorvika.com,ROTN,TAMILNADU,"PROZONE MALL,  1st Floor, Unit no.F-65   Old Sivanandha Mills, Sivanandhapuram, Sathy Road, Coimbatore - 641035.

"
263,"TN-MALL-EXPRESS AVENUE","Sampath Kumar P","Suresh R","Karthick N",7708086855,044-28464454,expressavenue@poorvika.com,CHENNAI,TAMILNADU,"SL04 Basement 1 Express Avenue Mall, Whites Road, Royapettah, Chennai - 600014"
264,"TN-MALL-FORUM VIJAYA","Sampath Kumar P","Ellappan D","Yuvaraj S",9003259855,044-66528416,vijayamall@poorvika.com,CHENNAI,TAMILNADU,"The Forum Vijaya Mall - LG-19, No: 183, NSK Salai, Opp: Kamala Theatre, Vadapalani, Chennai - 600026"
265,TN-MALL-MARINA,"Nagaraj S",,,,,NA,CHENNAI,TAMILNADU,"No: 13 / A, OMR Road, Egatoor, Opp. SM Silks, Chennai - 603103"
266,TN-MALL-PHOENIX,"Nagaraj S","Barath T","Vengatajalapathi C",9840485855,044-30083380,velacherymall@poorvika.com,CHENNAI,TAMILNADU,"G-42, Lower Ground Floor,  Phoenix Market City,Vellachery Chennai - 600042."
267,TN-MALL-SKYWALK,"Sampath Kumar P","Balaji P","Baskar R",9566018855,044-43582969,skywalk@poorvika.com,CHENNAI,TAMILNADU,"ShopNo.215, 2nd Floor, No.1, Nelson Manickam road, Aminjikarai, Chennai PIN 600029."
268,TN-MALL-VIVIRA,"Nagaraj S","Pon Kumaran J","Rajagopal K",9840076855,,viviramall@poorvika.com,CHENNAI,TAMILNADU,"Vivira Mall, No.33, Ground floor, unit no.G-006,  Old Mahabalipuram Road, Navalur, Chennai-603103
"
269,"TN-MALL-VR MALL","Sampath Kumar P","Karthik P","Karthik A",9840097855,,vrmall@poorvika.com,CHENNAI,TAMILNADU,"VR Chennai, No.44, Unit no.S17, Second floor, Pillaiyar Koil Street, Jawarharlal Nehru Road, Anna Nagar, Chennai-600040
"
270,TN-MANALI,"Sampath Kumar P","Vetri Mani D","Gurusamy G",9677065855,044-48557748,manali@poorvika.com,CHENNAI,TAMILNADU,"No.133,Kamarajar Salai,Opp Indian Oil Petrol Bunk,Near Barath Store, Manali - 600068.
"
271,TN-MANNARGUDI,"Naina Mohamed M","Rajasekar R","Mahendra Kumar P",9791112855,04367-254833,mannargudi@poorvika.com,ROTN,TAMILNADU,"Shop/Ward No:1, Block No:56, Nadesan Street, Near: Kaveri Lodge, Mannaargudi, PIN: 614001."
272,"TN-MARTHANDAM-COCHIN ROAD","Naina Mohamed M","Karthikeyan A","Ramesh R",9629357855,04651-273022,2marthandam@poorvika.com,ROTN,TAMILNADU,"No.6-25/2/1, 
Survey no.D12/8, 
Nallur Village Ward No.21, 
Vilavancode Taluk, 
Kuzhithurai Municipality, 
Kanyakumari (DT), 
Marthandam Main Road, 
Marthandam-629 165.
"
273,"TN-MARTHANDAM-MARKET ROAD","Naina Mohamed M","Karthikeyan A","Nambiraja I",8056009855,04651-273177,marthandam@poorvika.com,ROTN,TAMILNADU,"No:.3/48/S, T L J Complex, Market Road, Marthandam - PIN - 629165"
274,TN-MAYILADUTHURAI,"Vinayaga Moorthy J","Karthik S","Anbu K",9789843855,04364-242855,myladuthurai@poorvika.com,ROTN,TAMILNADU,"No.133/241, No.Two Road, Gandhiji Road, Mayiladuthurai, Tamil Nadu PIN 609001."
275,TN-MEDAVAKKAM,"Nagaraj S","Ganesan M","Shandha Kumar E",7708067855,044-22770033,medavakkam@poorvika.com,CHENNAI,TAMILNADU,"Door No: 12/19A, Medavakkam Main Road, Near: Medavakkam Signal, Medavakkam, Chennai - 600100"
276,TN-METTUPALAYAM,"Pandiyarajan N","Sudalai Mani M","Azharutheen D",9790743855,04254-220089,mettupalayam@poorvika.com,ROTN,TAMILNADU,"No 219, J-K, Ooty Main Road, (Near:Annapoorna Hotel) Coimbatore District, Mettupalayam - 641301"
277,"TN-MGR NAGAR","Nagaraj S","Muthukumaran M","Rogul Manivannan D",8056012855,044-42125009,mgrnagar@poorvika.com,CHENNAI,TAMILNADU,"No.62, Annanagar Main Road, MGR Nagar,Chennai - 600078
"
278,TN-MMDA,"Sampath Kumar P","Balaji P","Kathiravan A",7708071855,044-23631311,mmda@poorvika.com,CHENNAI,TAMILNADU,"Door No: 249/6, P-BLOCK, MMDA Colony, (Near:Hotel Balaji Bhavan), Arumbakkam, Chennai-PIN-600106"
279,TN-MOGAPPAIR,"Sampath Kumar P","Balaji P","Baskaran T",9003688855,"044 - 49514620",mogappair@poorvika.com,CHENNAI,TAMILNADU,"No,2/PC3, Raj Plaza, West Mogappair Main Road,
Opp.Amudha Matric Higher Secondary School,Mogappair, Chennai - 600 037
"
280,"TN-MOGAPPAIR EAST","Nagaraj S","Ganesan M",,9791203855,,mogappaireast@poorvika.com,CHENNAI,TAMILNADU,"	Plot No.PC10,Pari Salai,East Mogappair,Chennai-600037"
281,TN-MOOLAKADAI,"Sampath Kumar P","Abdul Jaleel K","Vigneshwaran R",9629355855,044-25583855,moolakadai@poorvika.com,CHENNAI,TAMILNADU,"Door No : 41, M.H Road, Near : Cheran Textiles, Moolakadai, Chennai - 600110"
282,TN-MOULIVAKKAM,"Nagaraj S","Srinivasan Premanandhan J","Maharajan R",9600588855,044-23821202,moulivakkam@poorvika.com,CHENNAI,TAMILNADU,"Door No : 5/214, Kundrathur Main Road, (Opp:Telephone Exchange) Near: Bai Kadai, Moulivakkam, Chennai - 600125"
283,"TN-MR NAGAR","Sampath Kumar P","Vetri Mani D","Manikandan N",8754496855,044-42815757,mrnagar@poorvika.com,CHENNAI,TAMILNADU,"No.: 4, T.H Road, M.R.Nagar, Chennai PIN 600118"
284,TN-MYLAPORE,"Sampath Kumar P","Dinesh Kumar D","Suresh K",9840751855,044-43033785,mylapore@poorvika.com,CHENNAI,TAMILNADU,"No.: 53/33, Ramakrishna Mutt Road, Mylapore, Chennai PIN 600004"
285,"TN-MYLAPORE 2","Sampath Kumar P","Dinesh Kumar D","Kishore Kumar A",8220013855,044-42037790,mylapore2@poorvika.com,CHENNAI,TAMILNADU,"Old No:240, New No:72, Ramakrishna Mutt Road, (Near:A2B and Mylapore Tank) Mylapore, Chennai PIN 600004"
286,"TN-NAGERCOIL-CHETTIKULAM JUNCTION","Naina Mohamed M","Karthikeyan A","Ayyanar A",9790255855,04652-402116,nagercoil3@poorvika.com,ROTN,TAMILNADU,"New No: 507,
Chettikulam Junction, 
Near:Chettikulam Signal) Nagarcoil, 629002"
287,"TN-NAGERCOIL-COURT ROAD","Naina Mohamed M","Karthikeyan A","Santha Kumar G",7397644855,,Nagercoilcourtroad@poorvika.com,ROTN,TAMILNADU,"No.50A, Court Road,
Nagercoil -629001
"
288,"TN-NAGERCOIL-TOWER JUNCTION","Naina Mohamed M","Karthikeyan A","Velmurugan P",8056016855,0465-2425855,nagercoil@poorvika.com,ROTN,TAMILNADU,"No.5, Tower Junction, (Near: Hotel Pioneer Paradise) Nagercoil, PIN 629001"
289,TN-NAMAKKAL,"Pandiyarajan N","Siva Kumar P","Jayaraj N",9789388855,"04286 - 276853",2namakkal@poorvika.com,ROTN,TAMILNADU,"NO: 187,
SRI DURGA TOWERS,
NEAR: LMR THEATRE, OPP: MGM THEATRE,
SALEM ROAD,
NAMAKKAL -637 001
"
290,"TN-NAMAKKAL-CLOCK TOWER","Pandiyarajan N","Siva Kumar P","Venkateshwaran R",9940695855,04286-223855,namakkal@poorvika.com,ROTN,TAMILNADU,"No: 171, Thilaipuram Main Road, Near Clock Towers, Namakkal, PIN 637001"
291,"TN-NAMAKKAL-MAIN ROAD","Pandiyarajan N",,,"9952861855 ",,,ROTN,TAMILNADU,"	No.151/74 & 753/75, Namakkal Trichy Main Road, Namakkal (DT), Namakkal-637001"
292,TN-NANGANALLUR,"Nagaraj S","Barath T","Thiyagarajan M",7708006855,044-42642971,nanganallur@poorvika.com,CHENNAI,TAMILNADU,"No:21/28, 4th Main Road, (OPP: Viveks) Nanganallur, Chennai - 600061. "
293,"TN-NEW WASHERMENPET","Sampath Kumar P","Vetri Mani D","Ashok B",9677096855,044-43569392,newwashermenpet@poorvika.com,CHENNAI,TAMILNADU,"No.: 229, T.H Road, Near New Washermenpet Market, New Washermenpet, Chennai PIN 600081"
294,TN-OMALUR,"Vinayaga Moorthy J","Rama Krishnan U","Edwin Raja V",9566033855,04290-222856,omalur@poorvika.com,ROTN,TAMILNADU,"No.131/81, Shop/Ward No.4, Opp: Omalur Bus Stand, Omalur PIN 636305"
295,TN-OOTY,"Pandiyarajan N","Sudalai Mani M","Naveen N",9790945855,0423-2440010,ooty@poorvika.com,ROTN,TAMILNADU,"New No 247,Old No 105&106,Commercial Road
Ooty-643001
"
296,TN-PADI,"Sampath Kumar P","Karthik P","Mohan Babu R",9789922855,044-42017902,padi@poorvika.com,CHENNAI,TAMILNADU,"No:262A, C.T.H Road, Padi, Chennai, PIN 600050"
297,TN-PALACODE,"Vinayaga Moorthy J","Thatchanamurthi S","Thangaraj G",7540096855,,palacode@poorvika.com,ROTN,TAMILNADU,"No.9/321, 9th ward, 
Kadai theru, 
Palacode-636808 
(Dharmapuri DT)
"
298,TN-PALANI,"Pandiyarajan N","Jagadeeswaran E","Raj Kumar M",9566068855,04545-240855,palani@poorvika.com,ROTN,TAMILNADU,"No: 28,  Dindigul Main Road, Opp: Bus Stand, Palani -624 601
"
299,TN-PALAVAKKAM,"Nagaraj S","Pon Kumaran J","Perumalsamy K",9003743855,9362513398,palavakkam@poorvika.com,CHENNAI,TAMILNADU,"No.: 03/620, Commercial Complex No:1, East Coast Road, (OPP: Punitha Anthoniyar Church) Palavakkam, Chennai - 600041"
300,TN-PALAYANKOTTAI,"Naina Mohamed M","Ponrajan T","Mayakannan S",8754471855,0462-4200741,palayamkottai@poorvika.com,ROTN,TAMILNADU,"No:181, Thiruchendhur Road, Palayamkottai, Opp: Jawahar Ground, Thirunelveli - 627 002."
301,TN-PALLADAM,"Pandiyarajan N","Jagadeeswaran E","Not Decide",9952792855,,palladam@poorvika.com,ROTN,TAMILNADU,"No.213/A, Kaliappan Complex,Trichy Road,Palladam-641 664"
302,"TN-PALLAVARAM-GANDHI ROAD","Nagaraj S","Balamurugan A","Shandha Kumar E",8754485855,044-45078315,pammal@poorvika.com,CHENNAI,TAMILNADU,"No.: 08/18, Indra Gandhi Road, Pallavaram,  Chennai PIN 600043"
303,"TN-PALLAVARAM-PAMMAL ROAD","Nagaraj S","Balamurugan A","Ragupathi R",8754481855,044-22641184,2pammal@poorvika.com,CHENNAI,TAMILNADU,"No: 5/115,
Mosque Street,
Pammal Main Road,
Pallavaram Contonment,
Opp: Inayath Mahal
Chennai-600043
"
304,TN-PANRUTI,"Vinayaga Moorthy J","Karthik S","Mannan K",6385172855,,Panruti@poorvika.com,ROTN,TAMILNADU,"No.90, Cuddalore Road, Panruti-607106
"
305,TN-PARAMAKUDI,"Naina Mohamed M","Solaimalai T","Grace Kumar A",9791097855,0456-4231855,paramakudi@poorvika.com,ROTN,TAMILNADU,"No.8/140, Keela Pallivasal Street, Paramakudi-623707"
306,"TN-PARRYS HIGH COURT OPP","Sampath Kumar P","Suresh R","Muthu Lakshmi S",8056974855,"044 - 42110960",3parrys@poorvika.com,CHENNAI,TAMILNADU,"Old No: 122,New No :58
Ground Floor, Shop No: 1,
Armenian Street,
Opp: High Court,
Chennai -600001
"
307,TN-PATTUKOTTAI,"Naina Mohamed M","Solaimalai T","Gopiraja M",8056026855,04373-253003,pattukottai@poorvika.com,ROTN,TAMILNADU,"No,107, Chinniah Street,
Linga Bhairavi Tower, 
Near Mainkoondu, 
Pattukottai - 614601
"
308,TN-PERAMBALLUR,"Vinayaga Moorthy J","Gnana Sekar Vivek R","Shersha B",9500052855,04328-275850,perambalur@poorvika.com,ROTN,TAMILNADU,"No:212, N.S.B Road, (Near:Perambalur Bus Stand) Perambalur, PIN 621212"
309,"TN-PERAMBALLUR 2",,,,,,NA,ROTN,TAMILNADU,"Hotel Vallalar Complex"", No.99D/4, Near New Bus tsand, Perambalur-621212"
310,"TN-PERAMBUR 2","Sampath Kumar P","Abdul Jaleel K",,6385175855,,perambur2@poorvika.com,CHENNAI,TAMILNADU,"Old no.73, New No.143, Paper Mills Road, Sembiam, Chennai-600011
"
311,"TN-PERAMBUR 3","Nagaraj S","Abdul Jaleel K","Anbu S",9790975855,,perambur3@poorvika.com,CHENNAI,TAMILNADU,"New No.79, Old No.61, Perambur High Road, Near : Adayar Anandha Bhavan,Perambur, Chennai-600011"
312,TN-PERAVALLUR,"Sampath Kumar P","Abdul Jaleel K","Karthik A",7708085855,044-42656069,peravallur@poorvika.com,CHENNAI,TAMILNADU,"Poorvika Mobile Pvt Ltd
Old No.: 147B, New No: 383B, Paper Mills Road, (OPP:Vasan Eye Care),
Peravallur,
Chennai - 600082"
313,TN-POLLACHI,"Pandiyarajan N","Jagadeeswaran E","Gladin Joie I",9791033855,"04259-232855 ",pollachi@poorvika.com,ROTN,TAMILNADU,"No.: 4, New Scheme Road, 
ICICI Bank Ground Floor, 
Pollachi - 642002"
314,"TN-PONDY BAZAAR","Nagaraj S","Antony Fernando A","Vinayaga Moorthy B",9940051855,044-42605517,pondybazaar@poorvika.com,CHENNAI,TAMILNADU,"No.: 66/90-B, Pondy Bazaar, Beside Naidu Hall, T. Nagar, Chennai PIN 600017"
315,TN-POONAMALLE,"Nagaraj S","Srinivasan Premanandhan J","Thirumalai A",9840093855,044-26490855,poonamallee2@poorvika.com,CHENNAI,TAMILNADU,"NO: 749,
TRUNK ROAD,
OPP : SARAVANA BHAVAN
POONAMALLE,
CHENNAI â€“ 600 056.
"
316,"TN-POONAMALLE-BUS STAND","Nagaraj S","Srinivasan Premanandhan J","Sivaperumal S",8056057855,,3poonamallee@poorvika.com,CHENNAI,TAMILNADU,"No.: 45,Trunk Road, (OPP:City Union Bank), Poonamalle, Chennai PIN 600056"
317,TN-PORUR,"Nagaraj S","Muthukumaran M","Arunkumar P",9629246855,,hifiporur@poorvika.com,CHENNAI,TAMILNADU,"NO: 61,ARCOT ROAD,
PORUR,
CHENNAI -600 116.
"
318,"TN-PUDHUKOTTAI-EAST MAIN STREET","Naina Mohamed M","Solaimalai T","Vinoth Kumar R",9566048855,,2pudukottai@poorvika.com,ROTN,TAMILNADU,"Ward No.28, Block No.44, East Main Street, Pudhukottai (DT), (Panduranga St to South 2nd St), Pudhukottai- 622001"
319,"TN-PUDHUKOTTAI-NEW BUS STAND","Naina Mohamed M","Solaimalai T","Seevalraj M",8056833855,0432-2220320,pudukottai@poorvika.com,ROTN,TAMILNADU,"Door No: 5719, Sathiyamoorthy Salai, SVS Complex, )Near: New Bus Stand) Pudukottai - 622001"
320,TN-PURASAIVAKKAM,"Sampath Kumar P","Abdul Jaleel K","Venkatesh R",9790929855,044-43539186,purasaiwakkam@poorvika.com,CHENNAI,TAMILNADU,"No.: 213/170, Kabil Vasthu Complex, Near New Madarsha, Purasaiwalkkam High Road, Chennai PIN 600007"
321,"TN-PURASAIVAKKAM 2","Sampath Kumar P","Abdul Jaleel K","Karthik A",8056693855,044-48676588,2purasaivakkam@poorvika.com,CHENNAI,TAMILNADU,"No.8, Purasaiwakkam high Road, Purasaiwakkam,
Chennai-600007
"
322,TN-RAJAPALAYAM,"Naina Mohamed M","Sankarapandiyan R","Raja G",9566211855,"04563 223855",rajapalayam@poorvika.com,ROTN,TAMILNADU,"No.: 881 & 882 Block,
20 Anadam Tower,
Theni Kasi Main Road, Rajapalayam - 626117"
323,TN-RAMANATHAPURAM,"Naina Mohamed M","Solaimalai T","Jaya Raman B",9840951855,04567-225855,ramanathapuram2@poorvika.com,ROTN,TAMILNADU,"Shop No:13/2, G.H Road, Near: Aiswarya Hotel, Ramanathapuram - PIN 623501"
324,"TN-RAMANATHAPURAM-ANNA SALAI","Naina Mohamed M","Solaimalai T",,6385173855,,Ramnadannasalai@poorvika.com,ROTN,TAMILNADU,"No.258/1, Aringar Anna Salai, Salai Street, Ramanathapuram-623517
"
325,"TN-RANGANATHAN STREET","Nagaraj S","Antony Fernando A","Dhananjayan A",9789053855,044-42867671,rnstreet@poorvika.com,CHENNAI,TAMILNADU,"No.: 31, Ranganathan Street, Near Railway Station, T. Nagar, Chennai PIN 600017"
326,TN-RANIPET,"Vinayaga Moorthy J","Vignesh K","Alaguvel R",9677076855,0417-2270855,ranipet@poorvika.com,ROTN,TAMILNADU,"NO :35,MBT ROAD,
MUTHUKADAI BUS STOP ,
NEAR GRAND HOTEL, 
MUTHUKADAI,
RANIPET - 632401.
"
327,TN-REDHILLS,"Sampath Kumar P","Thameen Anasari S","Afzal U",9840964855,044-26310600,redhills@poorvika.com,CHENNAI,TAMILNADU,"No: 273, GNT Road, Red Hills, Near: Perambur Srinivasa Bakery, Chennai - 600052"
328,TN-ROYAPETTAH,"Sampath Kumar P","Dinesh Kumar D","Kumarakurubaran V",9566065855,9362513393,royapettah@poorvika.com,CHENNAI,TAMILNADU,"No,112/121, Dr.Besant road, Near MGR Statue,Royapettah,
chennai 600014"
329,"TN-SAI NAGAR","Sampath Kumar P","Balaji P","Kali Raja A",9566044855,044-42550213,sainagar@poorvika.com,CHENNAI,TAMILNADU,"No:. 11/A, Kali Amman Kovil Street, Sai Nagar, Virugamabakkam, Chennai - 600 092."
330,"TN-SALEM 6","Vinayaga Moorthy J","Rama Krishnan U","Mannan K",9629281855,"0427 - 4020177",6salem@poorvika.com,ROTN,TAMILNADU,"Door No: 2/91, 
New Bus Stand Main Road,
Meyyanur Main Road, 
Near : Arrs Multiplex Theatre,
Salem -636 006"
331,TN-SALEM-AGRAHARAM,"Vinayaga Moorthy J","Rama Krishnan U","Krishna Kumar G",9840789855,0427-4266009,salem@poorvika.com,ROTN,TAMILNADU,"No.6, 1ST Agraharam,Opp Town Police Station,Bazaar Street, Salem-636001"
332,"TN-SALEM-EMPIRE ARCADE","Vinayaga Moorthy J","Rama Krishnan U","Dhinesh Kumar B","97910 60855","0427 - 4020376",7salem@poorvika.com,ROTN,TAMILNADU,"DOOR NO: 356/1, 
EMPIRE ARCADE,
OMALUR MAIN ROAD, 
NEAR : JOS ALUKAAS,
OPP : NEW BUS STAND,
SALEM -636 004.
"
333,TN-SALEM-GUGAI,"Vinayaga Moorthy J","Rama Krishnan U","Punniamurthi S",7708082855,,salemgugai@poorvika.com,ROTN,TAMILNADU,"No 137, Trichy Main Road, Gugai, Salem â€“ 636006.
"
334,TN-SALEM-HASTHAMPATTY,"Vinayaga Moorthy J","Rama Krishnan U","Anguraja P",6385171855,,salemhasthampatty@poorvika.com,ROTN,TAMILNADU,"No.103, Cherry Road, Hasthampatty, Salem-636007
"
335,TN-SALEM-JUNCTION,"Vinayaga Moorthy J","Rama Krishnan U","Dinesh S",7708083855,0427-2445767,salem4@poorvika.com,ROTN,TAMILNADU,"Door No. 5/257C, Junction Main Road, (Near: Chennai Silks) Salem PIN 636004"
336,"TN-SALEM-MEYYANUR BY PASS","Vinayaga Moorthy J","Rama Krishnan U",,6385176855,,Salemmeyyanur@poorvika.com,ROTN,TAMILNADU,"Survey No. 58/1B2A, Meyyanur By Pass Road, (ARRS Theatre Side, Street Corner), Salem - 636004
"
337,"TN-SALEM-NEW BUS STAND","Vinayaga Moorthy J","Rama Krishnan U","Dhinesh Kumar B",9500182855,0427-4260749,salem3@poorvika.com,ROTN,TAMILNADU,"Door No. 3A, Omalore Main Road, (Near: Adyar Ananda Bhavan) (Near:New Bus Stand), Salem PIN 636009"
338,"TN-SALEM-OMALUR MAIN ROAD","Vinayaga Moorthy J","Rama Krishnan U","Mani R",9629240855,"0427 - 4020373",5salem@poorvika.com,ROTN,TAMILNADU,"Door No. 391, Omalur  Main Road, Five Road Signal, (Near: Gowri Theatre) Salem, PIN : 636004"
339,"TN-SALEM-SARADHA COLLEGE","Vinayaga Moorthy J","Rama Krishnan U","Mani R",9566022855,0427-4264918,Saradhacollege@poorvika.com,ROTN,TAMILNADU,"No. 186, Alagapuram Pudhur Village, Saradha College Road, Salem PIN 636016"
340,TN-SANATORIUM,"Nagaraj S","Balamurugan A","Raja S",8754318855,044-22412246,sanatorium@poorvika.com,CHENNAI,TAMILNADU,"Door No:277/86, TJP Complex, GST Road, Kadaperi, Near: Nathella Jewellery, Tambaram, Chennai -600045"
341,TN-SANKARANKOVIL,"Naina Mohamed M","Ponrajan T","Marimuthu G",9790055855,"0463 - 6225860",sankarankovil@poorvika.com,ROTN,TAMILNADU,"No:187, Rajapalayam Main Road
Opp Assembly Lodge
Sankarankovil-627756
"
342,"TN-SHANTHI COLONY","Sampath Kumar P","Karthik P","Karthick C",9790940855,044-42613524,shanthicolony@poorvika.com,CHENNAI,TAMILNADU,"No:. Old: 112AA, New: 62AA, 4th Avenue, Shanthi Colony, Chennai - 600040"
343,TN-SHINE-MOGAPPAIR,,"Jespal Rajesh M","Ganesh Kumar T K M",7338742222,044-42695996,shinemogappair@poorvika.com,CHENNAI,TAMILNADU,"Door No : 2/5, West Mogappair Road,
(Opp:Bus Depot), 
Mogappair, Chennai - 600037
"
344,TN-SHINE-OMR,,"Jespal Rajesh M","Mohamed Raffee N",7338772222,,shineomr@poorvika.com,CHENNAI,TAMILNADU,"No,340, B4-B5, OLD No,
340/B/1A, Okkiyam,
Chennai - 600097
"
345,TN-SHINE-SELAIYUR,,"Jespal Rajesh M","Karthick Vellasamy G",7338752222,"044 - 22272027",shinetambaram@poorvika.com,CHENNAI,TAMILNADU,"Door No,763, Velachery Road,
Selaiyur
Chennai
600072
(Below Spartan Gym)
"
346,TN-SHINE-VALASARAVAKKAM,,"Jespal Rajesh M","Karthick Vellasamy G",7338762222,"044 - 48555780",shinevalasaravakkam@poorvika.com,CHENNAI,TAMILNADU,"No.145, Arcot Road, Valasaravakkam, 
Chennai-600087
"
347,TN-SHOLINGANALLUR,"Nagaraj S","Pon Kumaran J","Kathiravan G",9003673855,"044 - 49504568",sholinganallur@poorvika.com,CHENNAI,TAMILNADU,"Old No : 113, New No: 40,
Rajiv Gandhi Salai,
Opp : Rto Ofc
Sholinganallur,
Chennai -600 119
"
348,"TN-SINGAPERUMAL KOIL","Nagaraj S","Palani Kumar M","Agees Malkiya D",8754493855,044-27463123,spkoil@poorvika.com,CHENNAI,TAMILNADU,"No. 1/77, G.S.T Road, Singa Perumal Kovil Bus Stand, Singa Perumal Kovil -  PIN 603204"
349,TN-SIVAKASI,"Naina Mohamed M","Sankarapandiyan R","Prabhakaran S",8754476855,04562-277855,sivakasi@poorvika.com,ROTN,TAMILNADU,"No.23/25, Gandhi Road, Near: Sivakasi Bus Stand, Sivakasi, PIN 626123"
350,TN-SRIPERUMBUDUR,"Not Decide","Not Decide","Not Decide",9629192855,,,CHENNAI,TAMILNADU,"No 143, Ground Floor,
Gandhi Road,
Kanchipuram DT,
Sriperumbudurâ€“ 602 105."
351,TN-SRIVILIPUTHUR,"Naina Mohamed M","Sankarapandiyan R","Murugan L",9629778855,,sriviliputhur@poorvika.com,ROTN,TAMILNADU,"No 16,Rajaji Road,Srivilliputhur â€“ 626 125
"
352,TN-T.NAGAR,"Nagaraj S","Antony Fernando A","Thavamani N",9840953855,044-42070685,tnagar@poorvika.com,CHENNAI,TAMILNADU,"No.: 5 / 9, South Usman Road, Opp. Bus Depot, T. Nagar, Chennai PIN 600017"
353,"TN-T.NAGAR 2","Nagaraj S","Ellappan D",,6385168855,,Tnagar2@poorvika.com,CHENNAI,TAMILNADU,"No.49/2, No.44, North Usman Road, T.Nagar, Chennai 600017"
354,TN-TAMBARAM,"Nagaraj S","Ganesan M","Prakash O",9940651855,044-42044081,tambaram@poorvika.com,CHENNAI,TAMILNADU,"No.: 22, Muthu Ranga Mudali St., West Tambaram, Chennai PIN 600045"
355,"TN-TAMBARAM EAST","Nagaraj S","Ganesan M","Elumalai D",8754490855,044-42854177,easttambaram@poorvika.com,CHENNAI,TAMILNADU,"No.: 04, Kaveri illam, Annai Indra Gandhi Street, Mahalakshmi Nagar, Raja Kilpauk, East  Tambaram, Chennai PIN 600073."
356,"TN-TAMBARAM WEST","Nagaraj S","Ganesan M","Valliappan C",9789954855,044-22266261,westtambaram@poorvika.com,CHENNAI,TAMILNADU,"No:38, Thillai Complex, Shanmugam Road, West Tambaram, Chennai PIN 600045"
357,TN-TAMBARAM-MUDICHUR,"Nagaraj S","Balamurugan A","Prakash O",8220984855,,tambarammudichur@poorvika.com,CHENNAI,TAMILNADU,"Nos.707 & 709, Jothi Nagar, Mudichur Road, West Tambaram, Kancheepuram-600045"
358,TN-TAMBARAM-SELAIYUR,,,,"9384056855 ",,tambaramselaiyur@pooorvika.com,CHENNAI,TAMILNADU,"No.140, Velachery Main Road, East Tambaram, Chennai - 600059"
359,TN-TANJORE,"Naina Mohamed M","Rajasekar R","Raju V",8056024855,04362-277855,thanjavur@poorvika.com,ROTN,TAMILNADU,"No. 1286, South Main Street, Opp:Kamala Store, Tanjore - 613009"
360,TN-TANJORE-HIFI,"Naina Mohamed M","Rajasekar R","Anandan G",9629387855,04362-275855,hifitanjore@poorvika.com,ROTN,TAMILNADU,"Door No : 1066,
South East Rampart Road,
Opp Old Bus Stand,
Thanjavur - 613001
"
361,"TN-THENI-CUMBUM ROAD","Naina Mohamed M","Baseeth Mohideen A","Arunkumar J",8754480855,04546-255334,theni@poorvika.com,ROTN,TAMILNADU,"No.880, APR Pettai, Cumbum Road, Theni -  625531"
362,"TN-THENI-OLD BUS STAND","Naina Mohamed M","Baseeth Mohideen A","Soundhira Pandiyan P",9952702855,"04546 - 250613",2theni@poorvika.com,ROTN,TAMILNADU,"NO: 20,
MADURAI ROAD,
OPP: OLD BUS STAND,
THENI -625 531.
"
363,TN-THENKASI,"Naina Mohamed M","Ponrajan T","Marudha Mohan Raj S","77080 61855",04633-220016,thenkasi@poorvika.com,ROTN,TAMILNADU,"Door No. 5L, Udipi Srinivas Lodge, Mela Avana Moola Veethi, Opp: Bus Stand, Thenkasi - 627811."
364,TN-THIRUMULLAIVOYAL,"Not Decide","Not Decide","Not Decide",,,,CHENNAI,TAMILNADU,
365,TN-THIRUNELVELI-JUNCTION,"Naina Mohamed M","Ponrajan T","Mahendrapandi R",9840981855,0462-4000021,thirunelveli2@poorvika.com,ROTN,TAMILNADU,"No:6D-6F, 7L, Madurai Road, Parasakthi Buildings, Thirunelveli Junction, Thirunelveli - 627 006."
366,"TN-THIRUNELVELI-JUNCTION 2","Naina Mohamed M","Ponrajan T",,"9384676855 ",,thirunelvelijunction@poorvika.com,ROTN,TAMILNADU,"	""Kanagadhara Shopping Complex"", Shop Nos.54B/20, 54B/21, S.N.High Road, Tirunelveli Junction, Tirunelveli-627001"
367,TN-THIRUNELVELI-TOWN,"Naina Mohamed M","Ponrajan T","Mahendrapandi R",8754469855,0462-4010068,thirunelveli@poorvika.com,ROTN,TAMILNADU,"Old No:4, New No:6, West Cross Street, Opp: Joy Alukaas, Thirunelveli - 627 006."
368,TN-THIRUPATHUR,"Vinayaga Moorthy J","Thatchanamurthi S","Selvakumar G",9840271855,04179-220226,thirupathur@poorvika.com,ROTN,TAMILNADU,"No:93/5, Palaniswamy Street, Rahmath Complex, (OPP: Bharath Petroleum) Vellore District, Thirupathur - 635601"
369,TN-THIRUPUR-ANUPPARPALAYAM,"Pandiyarajan N","Jagadeeswaran E","Not Decide",9384834855,,thirupuranupparpalayam@poorvika.com,ROTN,TAMILNADU,"Old No 17, New No 469, Gandhi Road,Anupparpalayam, Thirupur â€“ 641 652"
370,"TN-THIRUPUR-AVINASHI ROAD","Not Decide","Not Decide","Not Decide",8754570855,,avinashi@poorvika.com,ROTN,TAMILNADU,"No.78,BS Sundharam Street,Opp: New Bus Stand,Near: Meenambikai Rice Mill, Avinashi Road,Tiruppur â€“ 641654"
371,TN-THIRUPUR-HIFI,"Pandiyarajan N","Jagadeeswaran E","Jeevanandam K",9629341855,0421-4238110,hifithirupur@poorvika.com,ROTN,TAMILNADU,"Door no : 505,
Avinashi Road,
Thirupur - 641602
"
372,"TN-THIRUPUR-KAMARAJ ROAD","Pandiyarajan N","Jagadeeswaran E",,9384861855,,thirupurkamarajroad@poorvika.com,ROTN,TAMILNADU,"Old Door Nos.244 & 245, New Door No.355, Kamaraj Road, Tiruppur-641604"
373,"TN-THIRUPUR-KUMARAN ROAD","Pandiyarajan N","Jagadeeswaran E","Siva Kumar C",9790955855,0421-4242247,thirupur@poorvika.com,ROTN,TAMILNADU,"No:171/18,Kumaran Road,Opp Karur Vysya Bank,Tirupur-641601"
374,"TN-THIRUPUR-KUMARAN ROAD 2","Pandiyarajan N","Jagadeeswaran E","Ramesh K",8220046855,,Thirupurkumaran@poorvika.com,ROTN,TAMILNADU,"No 231, Kumaran   Road, Thirupur-641601"
375,"TN-THIRUPUR-PN ROAD","Pandiyarajan N","Jagadeeswaran E","Ramesh K",7708051855,0421-2487855,thirupur2@poorvika.com,ROTN,TAMILNADU,"No: 199, PN Road, (Opp:New Bus Stand) Thirupur PIN-641602"
376,TN-THIRUPUR-POYAMPALAYAM,"Pandiyarajan N","Jagadeeswaran E","Not Decide",7708136855,,Thirupur.poyampalayam@poorvika.com,ROTN,TAMILNADU,"No.5/1277, Peruma Nallur Road (P.N.Road), Palanisamy Nagar, Poyampalayam, Pooluvapatti Post, Thottipalaiyam, Tiruppur-641602"
377,"TN-THIRUPUR-USHA THEATRE","Pandiyarajan N","Jagadeeswaran E","Raj Kumar M",8754555855,,thirupurushatheatre@poorvika.com,ROTN,TAMILNADU,"No 141 & 143, Dharapuram Main Road, Opp Usha Theatre, Thirupur-641 604
"
378,TN-THIRUVALLUR,"Nagaraj S","Srinivasan Premanandhan J","Manigandan M",8220544855,"044 - 27665654",2thiruvallur@poorvika.com,CHENNAI,TAMILNADU,"NO: 122/4,
J N ROAD,
NEAR: SBI BANK,
THIRUVALLUR -602 001
"
379,"TN-THIRUVALLUR-MANAVALA NAGAR","Nagaraj S","Srinivasan Premanandhan J","Manikandan M",9944734855,,"	thiruvallurmanavalanagar@poorvika.com",CHENNAI,TAMILNADU,"No.26/1, Poonamallee High Road, Manavala Nagar, Tiruvallur-602002"
380,TN-THIRUVANMIYUR,"Nagaraj S","Pon Kumaran J","Rajesh E",9840864855,044-42104013,thiruvanmiyur2@poorvika.com,CHENNAI,TAMILNADU,"New No.: 131, Old No: 64, Lattice Bridge Road, L.B Road(Kalki Krishnamoorthy Salai), OPP: Jeyanthi Theatre, Thiiruvanmiyur, Chennai PIN 600041"
381,"TN-THIRUVANMIYUR-MUTTUKADU ROAD","Nagaraj S","Pon Kumaran J",,"9384863855 ",,thiruvanmiyurmuttukaduroad@poorvika.com,CHENNAI,TAMILNADU,"No.63A, Muttukadu Road East Coast Road, Thiruvanmiyur, Chennai-600041"
382,"TN-THIRUVANNAMALAI-BUS STAND","Vinayaga Moorthy J","Arokia Raj T","Chandrasekar P",9952978855,0417-5253855,2thiruvannamalai@poorvika.com,ROTN,TAMILNADU,"No: 93/1, Polur Road, Ambedkar Street, (OPP: Akash Hotel),  Thiruvannamalai, PIN 606601"
383,"TN-THIRUVANNAMALAI-CAR STREET","Vinayaga Moorthy J","Arokia Raj T","Velayutham N",9566266855,04175-220228,thiruvanamalai@poorvika.com,ROTN,TAMILNADU,"No: 2&3 Car street, Thiruvannamalai, PIN 606601"
384,"TN-THIRUVANNAMALAI-KOSAMADA STREET","Vinayaga Moorthy J","Arokia Raj T","Subash A",8870222855,,Thiruvanamalaibigstreet@poorvika.com,ROTN,TAMILNADU,"No 2,Kosamada Street,OPP : Kanna Hotel,Thiruvanamalai â€“ 606 601.
"
385,TN-THIRUVARUR,"Naina Mohamed M","Rajasekar R","Karthi K",8754017855,04366-242888,thiruvarur@poorvika.com,ROTN,TAMILNADU,"A.R.V Tower, Shop No 15, Therku Veethi, Near:Old District Court, Thiruvaarur, 610001."
386,TN-THIRUVOTTIYUR,"Sampath Kumar P","Vetri Mani D","Muthusamy P",9790914855,044-43569751,thiruvottriyur@poorvika.com,CHENNAI,TAMILNADU,"No.: 871/872, Thiruvetriyur High Road, Near Theradi Koil, Thiruvetriyur, Chennai PIN 600019"
387,TN-THOOTHUKUDI,"Naina Mohamed M","Ponrajan T","Maria Veda Antony M",9600042855,0461-4000045,tuticorin@poorvika.com,ROTN,TAMILNADU,"No.307, Palayamkottai Road, 
Near : Balavinayagar Koil Street,Tuticorin-628002
"
388,"TN-THOOTHUKUDI-VVD SIGNAL","Naina Mohamed M","Ponrajan T","Pothaiah M",8754035855,0461-4000032,tuticorin2@poorvika.com,ROTN,TAMILNADU,"No.187, Shop No: 5,6,7, Naam Tamizhar Valaagam, (OPP: VVD Signal) Palayamkottai Road, Thoothukudi - 628 008."
389,TN-THORAIPAKKAM,"Nagaraj S",,,9840814855,,thoraipakkam@poorvika.com,CHENNAI,TAMILNADU,"	No.339/2A, 339/2B & 340A/2B1A, Old Mahabalipuram Road, Rajiv Gandhi Salai, Okkiam Thoraipakkam Village, Sholinganallur Taluk, Kanchipuram (DT)-600097"
390,TN-THUCKALAY,"Naina Mohamed M","Karthikeyan A","Latchiya Durai M",8870043855,04651-252246,thuckalay@poorvika.com,ROTN,TAMILNADU,"No: 20/60 & 20/60-1, 
Padhmanaphapuram municipality,
uppu compound, near: bus stand,Thiruvanathapuram main road.
Thuckalay -626117

"
391,TN-TIRUKOILUR,"Vinayaga Moorthy J","Arokia Raj T","Deepan M",9790766855,"0415 - 3252855",tirukoilur@poorvika.com,ROTN,TAMILNADU,"No: 105,
Abi Complex,
East Street,
Landmark: 5 Kanai Road,
Villupuram (Dt),
Thirukoilure -605757
"
393,"TN-TRICHY-CHITRA COMPLEX","Vinayaga Moorthy J","Gnana Sekar Vivek R","Thangaraj G",9003944855,,4chathiram@poorvika.com,ROTN,TAMILNADU,"No.01, 02 ,03 & 19, 
Chitra Complex, 
karur Bye Pass Road, Chinthamani, Trichy-620 002
"
394,TN-TRICHY-CONTONDMENT,"Vinayaga Moorthy J","Gnana Sekar Vivek R","Balamurugan S",9500038855,0431-4001116,trichy@poorvika.com,ROTN,TAMILNADU,"No:39/33,Bharathidasan Street,
Villims Road,
Condontment Rountana, 
Trichy-620001"
395,"TN-TRICHY-CONTONDMENT 2","Vinayaga Moorthy J","Arul Arputha Raj C","Not Decide",9384897855,,trichycontondment2@poorvika.com,ROTN,TAMILNADU,"Old No.1-F, New No.19, 19/1, Bharathidasan Salai,Promenade Road,Trichy-620 001."
396,"TN-TRICHY-JAIDURGA COMPLEX","Vinayaga Moorthy J",,"Surendar K",8056028855,0431-4013137,chathiram@poorvika.com,ROTN,TAMILNADU,"No:5, Jaidurga complex, Chathiram bus stand, 
Karur byepass road,
Trichy - 620002
"
397,"TN-TRICHY-MELA CHINTHAMANI","Vinayaga Moorthy J","Gnana Sekar Vivek R","Manivasakam P",9940434855,0431-4013033,livetrichy@poorvika.com,ROTN,TAMILNADU,"No:41/A, J.B Tower, Mela Chinthamani, Near: Siva Service Station, Karur byepass road, Trichy,  620002
"
398,"TN-TRICHY-THILLAI NAGAR","Vinayaga Moorthy J","Gnana Sekar Vivek R","Arockiasamy S",9840690855,0431-4000347,thillai@poorvika.com,ROTN,TAMILNADU,"S.V.V Arcade, C-55, 4th Cross, Thillai Nagar Main Road, (Near: Ranga Nursing Home) Trichy PIN - 620018"
399,"TN-TRICHY-YVD TRADE CENTRE","Vinayaga Moorthy J","Gnana Sekar Vivek R","Annamalai R M",9500154855,0431-4010580,chathiram3@poorvika.com,ROTN,TAMILNADU,"No:12,13,14 YVD Trade Centre, (Indira Gandhi College Campus), Cheathiram Bus Stand, Trichy,  620002
"
400,TN-TRIPLICANE-HIFI,"Sampath Kumar P","Dinesh Kumar D","Silambarasan R",9789155855,044-43300125,2triplicanehifi@poorvika.com,CHENNAI,TAMILNADU,"No.: 260, Bharathi Salai, Pycroffs Road, Triplicane, Chennai PIN 600005"
401,"TN-TTK ROAD","Sampath Kumar P","Dinesh Kumar D","Vaitheeswaran M",8056986855,,ttkroad@poorvika.com,CHENNAI,TAMILNADU,"New No.59/1, Old no.31/1, T.T.K.Road, Chennai-600018
"
402,TN-UDUMALAIPET,"Pandiyarajan N","Jagadeeswaran E","Vijay Prabhakar R",8754004855,04252-231061,udumalaipettai@poorvika.com,ROTN,TAMILNADU,"No:320, Palani Road, 
OPP: Taxi Stand,
Udumalapet - 642126."
403,TN-UKKADAM,"Pandiyarajan N","Arul Arputha Raj C","Azharutheen D",8056025855,0422-4361164,ukkadam@poorvika.com,ROTN,TAMILNADU,"No: 23, Nawab Hakkim Road, (Near:Ukkadam Bus Stand) Coimbatore PIN-641001"
404,TN-VADALUR,"Vinayaga Moorthy J","Karthik S","Senthilnathan S",9840017855,,vadalur@poorvika.com,ROTN,TAMILNADU,"No.1, North Cross Road, Parvathipuram, Vadalur, Cuddalore 607303
"
405,TN-VADAPALANI,"Sampath Kumar P","Ellappan D","Ashok Kumar B",9003059855,044-43069551,vadapalani@poorvika.com,CHENNAI,TAMILNADU,"Door No:202, Arcot Road, 100FT Road, Near: Vadapalani Signal, Vadapalani, Chennai - 600026"
406,TN-VALASARAVAKKAM,"Nagaraj S","Muthukumaran M","Venkatesan A",9003064855,044-43513556,valasaravakkam@poorvika.com,CHENNAI,TAMILNADU,"No.: 139, Arcot Road, Near Bank of Baroda, Valasarawakkam, Chennai PIN 600087"
407,"TN-VALASARAVAKKAM 2","Nagaraj S","Muthukumaran M","Not Decide",7530042855,,"	valasaravakkam2@poorvika.com",CHENNAI,TAMILNADU,"Plot No 3,Rajaji Avenue Main Road, Near : Nilgris Super Market,Arcot Road,Valasaravakkam,Chennai - 600087"
408,TN-VALASARAVAKKAM-HIFI,"Nagaraj S","Muthukumaran M",,9003064855,044-43513556,hifivalasaravakkam@poorvika.com,CHENNAI,TAMILNADU,"Door No: 139,Arcot Road, Valasarawakkam, Chennai-600087"
409,TN-VALLIYUR,"Naina Mohamed M","Ponrajan T","Esakki M",7358703855,0463-7222107,valliyur@poorvika.com,ROTN,TAMILNADU,"No: 63A,Thomson Building,Opp: New Bus Stand,North Main Road,Valliyur-627 117
"
410,"TN-VELACHERRY-100FT ROAD 2","Nagaraj S","Barath T","Ravi Kumar K",6385170855,,velachery100ft2@poorvika.com,CHENNAI,TAMILNADU,"No.27 & 28, Vijaya Nagar Extn., Velachery Main Road, Velachery, Chennai-600042"
411,"TN-VELACHERRY-AMSAVENI COMPLEX","Naina Mohamed M",,,7708050855,"044 - 48633028",2velachery@poorvika.com,CHENNAI,TAMILNADU,"87/5, Byepass Road, Amsaveni Complex, Rajalaxmi Nagar, Velachery, Chennai - 600042"
412,TN-VELAPPANCHAVADI,"Naina Mohamed M","Barath T","Not Decide",8754572855,,velappanchavadi@poorvika.com,CHENNAI,TAMILNADU,"No 59, MRM Complex, Poonamalle High Road Near Sri Gajalakshmi Kalyana Mandapam Velappanchavadi, Chennaiâ€“ 600077"
413,"TN-VELLORE-ANNA SALAI","Vinayaga Moorthy J","Not Decide",,"9384254855 ",,velloreannasalai@poorvika.com,ROTN,TAMILNADU,"	Shop No.5A, New NO.61, Officers Line, Anna Salai, Vellore-632001"
414,"TN-VELLORE-KATPADI ROAD","Vinayaga Moorthy J","Vignesh K","Jayamurugan A",9566066855,0416-4500003,vellore@poorvika.com,ROTN,TAMILNADU,"No: 26, Katpadi Road, Opp:CMC Hospital, Vellore-632004"
415,TN-VILLIVAKKAM,"Sampath Kumar P","Karthik P","Arockia Dass T",8754007855,044-42145968,villivakkam@poorvika.com,CHENNAI,TAMILNADU,"No:168, MTH Road, Near:Axis Bank, Villivakkam, Chennai - 600049."
416,TN-VILLUPURAM,"Vinayaga Moorthy J","Kalai Selvan G","Arul Oliviyar L",9677060855,04146-226676,villupuram@poorvika.com,ROTN,TAMILNADU,"No.: 743/744, Nehruji Road, Hotel Raja Vilas Building, Villupuram, Tamil Nadu PIN 605 602"
417,TN-VIRUDHACHALAM,"Vinayaga Moorthy J","Karthik S","Sakthivel A",9790910855,04143-261855,virudhachalam@poorvika.com,ROTN,TAMILNADU,"No : 115, Junction Road, Virutachalam - 606001"
418,TN-VIRUDHUNAGAR,"Naina Mohamed M","Sankarapandiyan R","Gunasekaran V",9840832855,0456-2267799,virudhunagar@poorvika.com,ROTN,TAMILNADU,"No,17, Pullalakottai Road, Virudu Nagar, Opp Old Bustand, Virudhu Nagar-626001
"
419,TN-VIRUGAMBAKKAM,"Nagaraj S","Muthukumaran M","Tamil Vanan S",9840946855,044-42035070,livevirugambakkam@poorvika.com,CHENNAI,TAMILNADU,"No.: 95, Arcot Road, (Near: Fame Mall) Virugambakkam, Chennai PIN 600092"
420,TN-WASHERMENPET,"Sampath Kumar P","Vetri Mani D","Manokar P",9790927855,044-43177559,washermenpet@poorvika.com,CHENNAI,TAMILNADU,"No.: 525, Thiruvetriyur High Road, Near Pandiyan Hotel, Old Washermenpet, Chennai PIN 600021"
421,"TN-WEST MAMBALAM","Nagaraj S","Antony Fernando A","Kalaiyarasan J",8754014855,044-42657834,westmambalam@poorvika.com,CHENNAI,TAMILNADU,"No.: 8/1, Govindan Road, Near: ECI Church, Mettupalayam, West Mambalam, Chennai PIN 600033"
422,"TN-MADURAVOYAL 3
","Naina Mohamed M - 0056","Ellappan D - 0706",,9952010855,,maduravoyal3@poorvika.com,chennai,tamilnadu,"No.187 Poonamallee High Road Erikarai Bus Stand Maduravoyal Chennai"
423,TN-TRICHY-KATTUR,"Nagaraj S - 0036","Siva Kumar P - 1622",,9840024855,,trichykattur@poorvika.com,Rotn,Tamilnadu,"Plot No.769 Vin Nagar Thanjai Main Road Opp. Art Gowri TowerKattur Trichy-DT Tamilnadu 620019"
424,"TN-MAYILADUTHURAI 2","Nagaraj S - 0036","Kalai Selvan G - 0231",,9940755855,,myladuthurai2@poorvika.com,Rotn,Tamilnadu,"No.2 Cutchery Road Near Head Post Office Mayiladuthurai-DT Tamilnadu 609001"
425,"KA-CHAMARAJANAGAR""","Saravanan T - 0061","Devaraj K - 2319",,7358396855,,chamarajanagara@poorvika.com,Bangalore,Karnataka,"No.12-2-2-15B F1226 F1147Situated at Block No.2 Ward No.12 Deviation Road Near Ksrtc Bus Stand Chamarajanagar-DT Karnataka 571313"
426,TN-TIRUCHENGODE,"Vinayaga Moorthy J - 0267","Vinoth Kumar R - 2079",,7338756855,,tiruchengode@poorvika.com,Rotn,Tamilnadu,"No:83,North Street Near AnnaStatue, Tiruchengode Namakkal 637211"
427,KA-CHANNAPATNA,"Saravanan T - 0061","Devaraj K - 2319",,7550087855,,channapatna@poorvika.com,"Rest of Karnataka",Karnataka,"OldNo.2269NewNo.2269 NewNo.4861 Bangalore Mysore HighWay5th Cross Kuvempunagar North Opp Channapatna Karnataka 562160"
428,TN-SULUR,"Vinayaga Moorthy J - 0267","Manikandan M - 1196",,8754477855,,sulur@poorvika.com,Rotn,,"No.9 Opp to New Busstand Trichy Road Sulur Coimbatore TamilNadu641402"
429,TN-THURAIYUR,"Nagaraj S - 0036","Siva Kumar P - 1622",,8056270855,,thuraiyur@poorvika.com,Rotn,Tamilnadu,"No.13 Near Bava Medical Trichy Road Thuraiyur Trichy TamilNadu 621010"
430,KA-GARVEBHAVIPALAYA,"Saravanan T - 0061","Selvan P - 0405",,7358043855,,garvebhavipalaya@poorvika.com,Bangalore,Karnataka,"No.46 PresentNo.46 Garvebhavipalyam mainRoad Bangalore-560068"
431,"TN-ERODE-PERUNDURAI ROAD","Vinayaga Moorthy J - 0267","Vinoth Kumar R - 2079",,9566098855,,perundurairoad@poorvika.com,Rotn,Tamilnadu,"No.64 Perundurai Road Erode 638011"
432,KA-SUNKADAKATTE,"Saravanan T - 0061","Prabhakaran D - 0604",,7358755855,,sunkadakatte@poorvika.com,Bangalore,Karnataka,"Magadi main road Sriganagada kaval Sunkadakatte Karnataka-560091"
433,KA-DODDABALLAPURA,"Saravanan T - 0061","Saravanaraj R - 0534",,7358046855,,doddaballapura@poorvika.com,Bangalore,Karnataka,"No 524 Municipal  Gangadaharapura Block 2nd North cross NextTo Federal bank Doddaballapura Bangalore Karnataka-561203"
434,KA-THANISANDRA,"Saravanan T - 0061","Saravanaraj R - 0534",,7358713855,,thanisandra@poorvika.com,Bangalore,Karnataka,"No.39 Thanisandra Dr Shivramkaranth Nagar Post Bangalore-560077"
435,TN-VELLAKOIL,"Vinayaga Moorthy J - 0267","Manikandan M - 1196",,9600419855,,vellakoil@poorvika.com,Rotn,Tamilnadu,"No.625 Muthur Road TRG Trade Centre Near By ICICI Bank Vellakoil Thirupur Tamilnadu-638111"
436,KA-KADUR,"Saravanan T - 0061","Rajashekar A V - 6513",,7358789855,,kadur@poorvika.com,Bangalore,Karnataka,"No.278 C.P.C Colony Old bus stand road Nearby Axis bank Kadur TK Chickmagalur DT Karnataka-577548"
437,TN-TRICHY-SINGARATHOPE,"Nagaraj S - 0036","Siva Kumar P - 1622",,7708851855,,trichysingarathope@poorvika.com,Rotn,Tamilnadu,"No.4 Landmark Royal Sathyam Hotel Singarathope Trichy Tamilnadu-620008"
438,"TN-TRICHY-THILLAI NAGAR ","Nagaraj S - 0036","Siva Kumar P - 1622",,8754501855,,trichythillainagar2@poorvika.com,Rotn,Tamilnadu,"No.2 11th Cross main road Lakshmi Arcade Building Backside Krishna Scan center Thillai nagar  Trichy Tamil+nadu-620018"
439,KA-KOLLEGAL,"Saravanan T - 0061","Devaraj K - 2319",,7338971855,,kollegal@poorvika.com,"Rest of Karnataka",Karnataka,"Balaji Complex Ground Floor Dr.B.R Ambedkar Road Opposite IDBI Bank  Kollegal Chamarajanagara  Karnataka-571440"
440,KA-GANGAVATHI,"Saravanan T - 0061","Suresh Babu G - 2870",,9629614855,,gangavathi@poorvika.com,"Rest of Karnataka",Karnataka,"No.24 Kanakagiri Road Mahaveer Circle Gangavathi  Koppal DT Karnataka 583227"
441,KA-TIPTUR,"Saravanan T - 0061","Rajashekar A V - 6513",,9840368855,,tiptur@poorvika.com,"Rest of Karnataka",Karnataka,"Lingappa complex No92  N.H. Opposite Govt girl high school Bangalore Highway road Tiptur Tumkur Karnataka-572201"
442,TN-PERUNDURAI,"Vinayaga Moorthy J - 0267","Vinoth Kumar R - 2079",,8754441855,,perundurai@poorvika.com,Rotn,Tamilnadu,"No.60 Kunnath Road Krishnavilas Bus Stop Perundurai Erode-638052"
443,"TN-VILLUPURAM 2","Nagaraj S - 0036","Rama Krishnan U - 0114",,"9840814855 "," ",villupuram2@poorvika.com,Rotn,Tamilnadu,"No.1 Trichy Main Road Salamedu Near Union bank Villupuram DT Tamilnadu-605401"
444,KA-HARIHAR,"Saravanan T - 0061","Jaffar Sathic M - 1403",,9940422855,,harihara@poorvika.com,"Rest of Karnataka",Karnataka,"Property ID.No.6-1-3-9 Assessment No.1244 Sri Gurupadappa Building Opp. Gandhi Maidan Near Municipal office Old Pune Bangalore Road  Vageesh Nagar  Harihar Davanagere Karnataka-577601"
445,"TN-KARUR 3","Pandiyarajan N - 0030","Sugumar K - 0771",,9566008855,,karur3@poorvika.com,Rotn,Tamilnadu,"No.85 West Prathatchanam Road Oppsite Bus stand Karur Tamilnadu 639001"
446,KA-MALAVALLI,"Saravanan T - 0061","Devaraj K - 2319",,6385169855,,malavalli@poorvika.com,Bangalore,Karnataka,"No.624 Sri Basaveshwara comforts Shop No.G1 to  G7 Mysore road Oppsite to Post office Malavalli Mandya .Karnataka-571430 "
447,TN-ARANTHANGI,"Pandiyarajan N - 0030","Palani Kumar M - 0045",,7708071855,,aranthangi@poorvika.com,Rotn,Tamilnadu,"No.21 Pattukkottai Road Aranthangi 614616 Tamilnadu"
448,"TN-NAGERCOIL-COURT ROAD 2","Pandiyarajan N - 0030","""Ponrajan T - 0858",,9840857855,,nagercoilcourtroad@porvika.com,Rotn,Tamilnadu,"No.112 PRK Square Court Road  Near Veppamoodu  junction NagercoilTamilNadu-629001"
449,"KA-KUMARASWAMY LAYOUT","Saravanan T - 0061","Rajiv Gandhi C - 0362",,7358701855,,kumaraswamylayout@poorvika.com,Bangalore,Karnataka,"No.1624 PID No. 55 315 1624 Ground  Floor Padmanabhanagar 50 Feet Road Kumaraswamy Layout 1st  Stage Bangalore Karnataka-560078"
450,KA-UDUPI,"Saravanan T - 0061","Arun Kumar S - 6483",,,,udupi@poorvika.com,Bangalore,Karnataka,"Door No.13-3-22A Ground Floor Vishnu Prakesh Building Court Road Udupi Karnataka-576101"
451,KA-HONGASANDRA,"Saravanan T - 0061","Venkatesh G - 3113",,7358705855,,hongasandra@poorvika.com,Bangalore,Karnataka,
452,TN-TIRUTTANI,"Naina Mohamed M - 0056","Balamurugan A - 0729",,9840162855,,tiruttani@poorvika.com,Rotn,Tamilnadu,"No.25 Arakkonam Road Near Tiruttani Bus Stand Tiruttani Tiruvallur District TamilNadu-631209"
453,TN-VANIYAMBADI,"Nagaraj S - 36","Mathiyazhagan T - 756",,,,vaniyabadi@poorvika.com,Rotn,Tamilnadu,"No.15 C.N.A Road Khaderpet Vaniyambadi-635751 TamilNadu"
455,TN-KALPAKKAM,"Naina Mohamed M - 56","Palani Kumar M - 45",,,,kalpakkam@poorvika.com,Rotn,Tamilnadu,"No.181 ECR Main Road Pudupatinam Kalpakkam TamilNadu-603102"
457,TN-CHEYYAR,"Naina Mohamed M - 56","Balamurugan A - 729",,9384821855,,cheyyar@poorvika.com,Rotn,Tamilnadu,"Old No.21 New No.72 Arcot Road CheyyarTiruvannamalai District TamilNadu-604407"
459,TN-SANKAGIRI,"Vinayaga Moorthy J - 267","Vinoth Kumar R - 2079",,9940341855,,Sankagiri@poorvika.com,ROTN,Tamilnadu,"No.3404 3405S.V.TComplex Bhavani Main RoadSankagiri 29 Salem-637301 TamilNadu"
461,TN-UTHUKKOTTAI,,,,9677162855,,uthukkottai@poorvika.com,Rotn,Tamilnadu,"No.34  Nagalapuram Salai ,Uthukkottai , Tiruvallur District , TamilNadu E2 80 93 pincode- 602026"
462,TN-WALAJAPET,"Nagaraj S - 36","Mathiyazhagan T - 756",,9566140855,,Walajapet@poorvika.com,Rotn,Tamilnadu,"No.76 Madan Thevadi Street Road Opposite Bus Stand Walajapet Ranipet District Tamil Nadu-632513"
464,KA-BAGALKOT,"Saravanan T ","Venkatesh G",Anil,9940497855,,Bagalkote@poorvika.com,"Rest of Karnataka",Karnataka,"No.UG57, UG58, UG59, Melligeri Tower, G-Block, Basaveshwara Cir Rd, Bagalkote, Karnataka 587101"
